fips,name,state,zhvi
06037,Los Angeles County,CA,885635
17031,Cook County,IL,344339
48201,Harris County,TX,280978
04013,Maricopa County,AZ,460237
06073,San Diego County,CA,934169
06059,Orange County,CA,1190239
36047,Kings County,NY,971639
12086,Miami-Dade County,FL,523890
48113,Dallas County,TX,310705
06065,Riverside County,CA,610513
36081,Queens County,NY,751364
53033,King County,WA,853410
32003,Clark County,NV,429593
06071,San Bernardino County,CA,553673
48439,Tarrant County,TX,324334
48029,Bexar County,TX,256204
06085,Santa Clara County,CA,1598562
12011,Broward County,FL,425778
26163,Wayne County,MI,179490
06001,Alameda County,CA,1062132
36061,New York County,NY,1254053
25017,Middlesex County,MA,825261
42101,Philadelphia County,PA,234557
06067,Sacramento County,CA,530397
36103,Suffolk County,NY,723980
12099,Palm Beach County,FL,474781
36005,Bronx County,NY,502648
12057,Hillsborough County,FL,380147
12095,Orange County,FL,403786
36059,Nassau County,NY,859466
39049,Franklin County,OH,298682
26125,Oakland County,MI,373377
27053,Hennepin County,MN,394800
48453,Travis County,TX,473077
39035,Cuyahoga County,OH,223376
42003,Allegheny County,PA,242847
49035,Salt Lake County,UT,574561
06013,Contra Costa County,CA,781899
51059,Fairfax County,VA,768424
37183,Wake County,NC,481361
37119,Mecklenburg County,NC,421920
24031,Montgomery County,MD,619247
13121,Fulton County,GA,420808
48085,Collin County,TX,483125
04019,Pima County,AZ,340858
15003,Honolulu County,HI,854605
06019,Fresno County,CA,409814
29189,Saint Louis County,MO,289872
36119,Westchester County,NY,886668
12031,Duval County,FL,296317
18097,Marion County,IN,232522
12103,Pinellas County,FL,374245
24033,Prince Georges County,MD,430494
09001,Fairfield County,CT,698391
34003,Bergen County,NJ,793874
36029,Erie County,NY,301755
13135,Gwinnett County,GA,408823
55079,Milwaukee County,WI,295794
17043,DuPage County,IL,446623
47157,Shelby County,TN,219859
53053,Pierce County,WA,572113
06029,Kern County,CA,364981
09003,Hartford County,CT,390975
48121,Denton County,TX,441522
26099,Macomb County,MI,274296
06075,San Francisco County,CA,1416641
48215,Hidalgo County,TX,191513
09009,New Haven County,CT,411328
48141,El Paso County,TX,233326
34023,Middlesex County,NJ,591891
25027,Worcester County,MA,504884
34013,Essex County,NJ,669040
42091,Montgomery County,PA,499755
24005,Baltimore County,MD,365669
06111,Ventura County,CA,883335
39061,Hamilton County,OH,271991
53061,Snohomish County,WA,746872
41051,Multnomah County,OR,506305
48157,Fort Bend County,TX,380844
25009,Essex County,MA,731630
25025,Suffolk County,MA,763194
40109,Oklahoma County,OK,224768
21111,Jefferson County,KY,268324
06077,San Joaquin County,CA,527766
13067,Cobb County,GA,427151
06081,San Mateo County,CA,1596366
13089,Dekalb County,GA,339016
36055,Monroe County,NY,295138
12071,Lee County,FL,337352
08041,El Paso County,CO,454073
25021,Norfolk County,MA,781743
17097,Lake County,IL,401229
29095,Jackson County,MO,251826
12105,Polk County,FL,298059
34017,Hudson County,NJ,651621
47037,Davidson County,TN,432558
08031,Denver County,CO,540198
17197,Will County,IL,379299
11001,District of Columbia,DC,577055
35001,Bernalillo County,NM,351856
01073,Jefferson County,AL,217176
40143,Tulsa County,OK,253998
44007,Providence County,RI,460038
26081,Kent County,MI,359960
08005,Arapahoe County,CO,510848
49049,Utah County,UT,546284
42017,Bucks County,PA,530927
34025,Monmouth County,NJ,790755
34029,Ocean County,NJ,552498
48339,Montgomery County,TX,347049
20091,Johnson County,KS,466397
12009,Brevard County,FL,344703
41067,Washington County,OR,564172
24510,Baltimore City,MD,186140
48491,Williamson County,TX,403016
24003,Anne Arundel County,MD,509641
08059,Jefferson County,CO,620991
31055,Douglas County,NE,298811
25005,Bristol County,MA,553616
42045,Delaware County,PA,369806
34039,Union County,NJ,636731
10003,New Castle County,DE,369618
55025,Dane County,WI,474814
12101,Pasco County,FL,331637
06099,Stanislaus County,CA,467986
42071,Lancaster County,PA,390027
27123,Ramsey County,MN,343915
12127,Volusia County,FL,327100
39153,Summit County,OH,230850
37081,Guilford County,NC,279047
39113,Montgomery County,OH,204465
42029,Chester County,PA,582402
53063,Spokane County,WA,429071
25023,Plymouth County,MA,657248
34007,Camden County,NJ,361570
34031,Passaic County,NJ,605390
20173,Sedgwick County,KS,227665
45045,Greenville County,SC,340295
17089,Kane County,IL,387210
08001,Adams County,CO,482406
34027,Morris County,NJ,717949
53011,Clark County,WA,551055
18089,Lake County,IN,254401
36085,Richmond County,NY,732730
06097,Sonoma County,CA,791825
19153,Polk County,IA,283019
16001,Ada County,ID,531026
32031,Washoe County,NV,574902
51153,Prince William County,VA,586907
47093,Knox County,TN,381776
36067,Onondaga County,NY,290079
06107,Tulare County,CA,365399
12117,Seminole County,FL,405396
25013,Hampden County,MA,357811
34005,Burlington County,NJ,426786
51810,Virginia Beach City,VA,430158
22033,East Baton Rouge Parish,LA,236339
42133,York County,PA,312072
06095,Solano County,CA,577335
06083,Santa Barbara County,CA,1003268
22051,Jefferson Parish,LA,274691
06053,Monterey County,CA,852464
27037,Dakota County,MN,400941
39095,Lucas County,OH,178884
12115,Sarasota County,FL,399679
42011,Berks County,PA,315430
04021,Pinal County,AZ,363614
33011,Hillsborough County,NH,528960
48061,Cameron County,TX,207321
41005,Clackamas County,OR,619616
45079,Richland County,SC,245186
01097,Mobile County,AL,198520
51107,Loudoun County,VA,799573
26049,Genesee County,MI,199854
55133,Waukesha County,WI,512586
45019,Charleston County,SC,617997
29183,Saint Charles County,MO,376365
06061,Placer County,CA,693033
36071,Orange County,NY,470558
05119,Pulaski County,AR,211868
12081,Manatee County,FL,409772
39017,Butler County,OH,318289
34021,Mercer County,NJ,450985
22071,Orleans Parish,LA,245324
01089,Madison County,AL,314800
18003,Allen County,IN,258784
37067,Forsyth County,NC,286414
41039,Lane County,OR,461511
12097,Osceola County,FL,363472
12069,Lake County,FL,363142
39151,Stark County,OH,221253
12021,Collier County,FL,553842
26161,Washtenaw County,MI,423247
42077,Lehigh County,PA,368933
12083,Marion County,FL,272792
48039,Brazoria County,TX,326748
48027,Bell County,TX,251808
47065,Hamilton County,TN,355721
27003,Anoka County,MN,377642
51041,Chesterfield County,VA,416117
49011,Davis County,UT,561231
42129,Westmoreland County,PA,216792
08069,Larimer County,CO,554631
48355,Nueces County,TX,228249
08035,Douglas County,CO,705114
48167,Galveston County,TX,321294
45051,Horry County,SC,321007
41047,Marion County,OR,447829
34035,Somerset County,NJ,672427
18057,Hamilton County,IN,470542
36087,Rockland County,NY,767885
47149,Rutherford County,TN,419031
37051,Cumberland County,NC,231978
51087,Henrico County,VA,403549
24027,Howard County,MD,639961
08013,Boulder County,CO,718716
12111,Saint Lucie County,FL,373341
42079,Luzerne County,PA,228833
45083,Spartanburg County,SC,278707
08123,Weld County,CO,495359
21067,Fayette County,KY,334562
31109,Lancaster County,NE,303767
37063,Durham County,NC,396360
12033,Escambia County,FL,282520
36001,Albany County,NY,376480
33015,Rockingham County,NH,636239
39093,Lorain County,OH,266024
42095,Northampton County,PA,376804
17111,McHenry County,IL,372372
48303,Lubbock County,TX,215597
29510,Saint Louis City,MO,183716
23005,Cumberland County,ME,570881
34015,Gloucester County,NJ,389938
29077,Greene County,MO,259052
36027,Dutchess County,NY,505712
13051,Chatham County,GA,338312
13063,Clayton County,GA,230375
26139,Ottawa County,MI,400203
02020,Anchorage Borough,AK,438094
40027,Cleveland County,OK,255911
45063,Lexington County,SC,274819
12073,Leon County,FL,296441
53067,Thurston County,WA,532113
26065,Ingham County,MI,229949
17201,Winnebago County,IL,213138
42043,Dauphin County,PA,281448
06079,San Luis Obispo County,CA,906846
05007,Benton County,AR,386195
06047,Merced County,CA,419758
45091,York County,SC,392403
12001,Alachua County,FL,306456
34001,Atlantic County,NJ,387254
53035,Kitsap County,WA,589268
06087,Santa Cruz County,CA,1158616
18141,Saint Joseph County,IN,234849
42049,Erie County,PA,226760
09011,New London County,CT,434962
24021,Frederick County,MD,505026
55009,Brown County,WI,361027
37021,Buncombe County,NC,453427
48479,Webb County,TX,218946
17119,Madison County,IL,200352
12109,Saint Johns County,FL,492832
27163,Washington County,MN,450135
22103,Saint Tammany Parish,LA,286509
06041,Marin County,CA,1495814
13057,Cherokee County,GA,475300
26077,Kalamazoo County,MI,281466
49057,Weber County,UT,462955
17163,Saint Clair County,IL,181995
24025,Harford County,MD,423476
48309,McLennan County,TX,263020
42041,Cumberland County,PA,350463
48245,Jefferson County,TX,177853
53077,Yakima County,WA,358246
29047,Clay County,MO,321806
51550,Chesapeake City,VA,429571
13117,Forsyth County,GA,614380
05143,Washington County,AR,355205
47187,Williamson County,TN,920938
22055,Lafayette Parish,LA,238289
22017,Caddo Parish,LA,151879
39165,Warren County,OH,412775
51710,Norfolk City,VA,315671
13151,Henry County,GA,321774
37179,Union County,NC,453704
51013,Arlington County,VA,816055
36091,Saratoga County,NY,474627
48209,Hays County,TX,372221
10005,Sussex County,DE,491790
04025,Yavapai County,AZ,502362
39085,Lake County,OH,252879
36065,Oneida County,NY,240539
48423,Smith County,TX,271322
48041,Brazos County,TX,315372
28049,Hinds County,MS,130448
01101,Montgomery County,AL,165606
39099,Mahoning County,OH,178426
19113,Linn County,IA,242747
25001,Barnstable County,MA,768158
16027,Canyon County,ID,420078
01003,Baldwin County,AL,376456
37071,Gaston County,NC,300787
29099,Jefferson County,MO,295839
51760,Richmond City,VA,373235
37129,New Hanover County,NC,451113
53073,Whatcom County,WA,621299
01125,Tuscaloosa County,AL,232592
45015,Berkeley County,SC,376003
41029,Jackson County,OR,441880
37025,Cabarrus County,NC,387094
01117,Shelby County,AL,363240
35013,Dona Ana County,NM,288904
06007,Butte County,CA,401873
06113,Yolo County,CA,620245
12019,Clay County,FL,337847
47125,Montgomery County,TN,322648
42069,Lackawanna County,PA,232896
36063,Niagara County,NY,258142
22019,Calcasieu Parish,LA,200373
04015,Mohave County,AZ,352358
39041,Delaware County,OH,519772
37101,Johnston County,NC,344484
23031,York County,ME,534482
12091,Okaloosa County,FL,356683
42125,Washington County,PA,242238
39025,Clermont County,OH,332425
28047,Harrison County,MS,228909
17019,Champaign County,IL,242111
18039,Elkhart County,IN,268131
13245,Richmond County,GA,195599
53005,Benton County,WA,452721
13215,Muscogee County,GA,187510
04027,Yuma County,AZ,279841
45007,Anderson County,SC,293217
39155,Trumbull County,OH,173886
13139,Hall County,GA,391520
37133,Onslow County,NC,293686
15001,Hawaii County,HI,577316
27137,Saint Louis County,MN,262678
36007,Broome County,NY,204090
55101,Racine County,WI,319384
17167,Sangamon County,IL,201554
41017,Deschutes County,OR,668265
46099,Minnehaha County,SD,330456
26093,Livingston County,MI,407859
47165,Sumner County,TN,446556
42019,Butler County,PA,317783
12053,Hernando County,FL,310262
06017,El Dorado County,CA,662307
26145,Saginaw County,MI,177213
55087,Outagamie County,WI,348184
31153,Sarpy County,NE,360294
48139,Ellis County,TX,375371
18157,Tippecanoe County,IN,301616
45013,Beaufort County,SC,555638
09005,Litchfield County,CT,430768
12015,Charlotte County,FL,299360
12113,Santa Rosa County,FL,353670
37097,Iredell County,NC,390270
28033,DeSoto County,MS,302646
51700,Newport News City,VA,295885
38017,Cass County,ND,341064
17143,Peoria County,IL,166664
29019,Boone County,MO,333020
54039,Kanawha County,WV,154657
06089,Shasta County,CA,377855
36111,Ulster County,NY,449947
39103,Medina County,OH,353044
12005,Bay County,FL,344902
10001,Kent County,DE,374640
06025,Imperial County,CA,385952
18163,Vanderburgh County,IN,204267
20177,Shawnee County,KS,208781
39089,Licking County,OH,345265
48251,Johnson County,TX,341149
49053,Washington County,UT,528886
26121,Muskegon County,MI,259414
19163,Scott County,IA,252770
18127,Porter County,IN,334922
01081,Lee County,AL,352521
24013,Carroll County,MD,498011
18063,Hendricks County,IN,347608
17113,McLean County,IL,262590
55139,Winnebago County,WI,307567
37147,Pitt County,NC,245420
48187,Guadalupe County,TX,299121
44003,Kent County,RI,448736
37001,Alamance County,NC,297220
55059,Kenosha County,WI,339334
20209,Wyandotte County,KS,213177
16055,Kootenai County,ID,605460
21117,Kenton County,KY,291225
42007,Beaver County,PA,209406
42089,Monroe County,PA,313041
45003,Aiken County,SC,246685
37057,Davidson County,NC,277140
08101,Pueblo County,CO,286965
50007,Chittenden County,VT,520280
39057,Greene County,OH,305685
48329,Midland County,TX,334709
13223,Paulding County,GA,346546
24017,Charles County,MD,451805
15009,Maui County,HI,994454
09007,Middlesex County,CT,467522
30111,Yellowstone County,MT,407038
55105,Rock County,WI,301239
39133,Portage County,OH,285685
25015,Hampshire County,MA,459000
48135,Ector County,TX,255564
13153,Houston County,GA,257745
45035,Dorchester County,SC,350084
36083,Rensselaer County,NY,332753
27109,Olmsted County,MN,356492
26075,Jackson County,MI,228996
22073,Ouachita Parish,LA,181685
26147,Saint Clair County,MI,264197
18081,Johnson County,IN,317858
37035,Catawba County,NC,296593
42027,Centre County,PA,357278
51510,Alexandria City,VA,682629
12061,Indian River County,FL,366117
12085,Martin County,FL,449539
47163,Sullivan County,TN,261681
27145,Stearns County,MN,315310
39045,Fairfield County,OH,367546
36093,Schenectady County,NY,317519
13021,Bibb County,GA,172704
06039,Madera County,CA,426495
48091,Comal County,TX,436988
28121,Rankin County,MS,270377
42055,Franklin County,PA,293169
34011,Cumberland County,NJ,279830
08077,Mesa County,CO,436447
13073,Columbia County,GA,334817
26021,Berrien County,MI,285496
51179,Stafford County,VA,544161
26115,Monroe County,MI,275028
24043,Washington County,MD,331982
35049,Santa Fe County,NM,562474
33013,Merrimack County,NH,498955
23019,Penobscot County,ME,286656
12017,Citrus County,FL,272870
06031,Kings County,CA,367819
19103,Johnson County,IA,314177
40017,Canadian County,OK,273977
09013,Tolland County,CT,415364
27139,Scott County,MN,448244
35043,Sandoval County,NM,377236
37135,Orange County,NC,508867
37159,Rowan County,NC,279739
34037,Sussex County,NJ,451801
13077,Coweta County,GA,394399
04005,Coconino County,AZ,628806
48367,Parker County,TX,445957
47189,Wilson County,TN,505397
17161,Rock Island County,IL,161018
37151,Randolph County,NC,255615
13097,Douglas County,GA,303434
42107,Schuylkill County,PA,167130
28059,Jackson County,MS,212681
42075,Lebanon County,PA,321500
48441,Taylor County,TX,227401
22063,Livingston Parish,LA,255485
18105,Monroe County,IN,317709
48257,Kaufman County,TX,298854
27171,Wright County,MN,400102
48381,Randall County,TX,263738
06055,Napa County,CA,882200
51177,Spotsylvania County,VA,461009
55073,Marathon County,WI,284539
45041,Florence County,SC,204380
06023,Humboldt County,CA,423013
51650,Hampton City,VA,282712
55131,Washington County,WI,434115
39023,Clark County,OH,202843
21015,Boone County,KY,350807
26025,Calhoun County,MI,194048
48181,Grayson County,TX,288077
42021,Cambria County,PA,102271
47009,Blount County,TN,398263
37019,Brunswick County,NC,409532
37085,Harnett County,NC,295558
21227,Warren County,KY,292575
17179,Tazewell County,IL,192627
47179,Washington County,TN,311424
39173,Wood County,OH,247279
22105,Tangipahoa Parish,LA,225125
49005,Cache County,UT,474214
19013,Black Hawk County,IA,189774
17093,Kendall County,IL,399731
33017,Strafford County,NH,513513
22079,Rapides Parish,LA,173091
18095,Madison County,IN,190722
44009,Washington County,RI,691862
45077,Pickens County,SC,309162
48485,Wichita County,TX,171666
42051,Fayette County,PA,146930
25003,Berkshire County,MA,395409
34019,Hunterdon County,NJ,645030
53057,Skagit County,WA,587735
13059,Clarke County,GA,337421
36013,Chautauqua County,NY,180156
22015,Bossier Parish,LA,247060
05131,Sebastian County,AR,204518
12119,Sumter County,FL,387864
41043,Linn County,OR,413775
22005,Ascension Parish,LA,311066
04003,Cochise County,AZ,263785
39139,Richland County,OH,200820
48183,Gregg County,TX,223292
23011,Kennebec County,ME,324605
05045,Faulkner County,AR,257286
42013,Blair County,PA,180150
35045,San Juan County,NM,276696
01103,Morgan County,AL,234342
05125,Saline County,AR,255566
29097,Jasper County,MO,215829
16019,Bonneville County,ID,405181
40031,Comanche County,OK,158381
54003,Berkeley County,WV,324097
55063,La Crosse County,WI,339561
18019,Clark County,IN,268165
26005,Allegan County,MI,353476
48451,Tom Green County,TX,231703
48375,Potter County,TX,152522
37155,Robeson County,NC,136897
20045,Douglas County,KS,343038
13045,Carroll County,GA,291095
36075,Oswego County,NY,211749
37191,Wayne County,NC,184245
13113,Fayette County,GA,498831
36045,Jefferson County,NY,235506
55117,Sheboygan County,WI,330025
13185,Lowndes County,GA,231208
30063,Missoula County,MT,580196
39169,Wayne County,OH,268696
09015,Windham County,CT,380012
01015,Calhoun County,AL,171378
30031,Gallatin County,MT,701493
37089,Henderson County,NC,429185
42081,Lycoming County,PA,238627
12035,Flagler County,FL,351559
24037,Saint Marys County,MD,437878
18035,Delaware County,IN,172499
18091,La Porte County,IN,262759
36069,Ontario County,NY,331802
51003,Albemarle County,VA,561513
13217,Newton County,GA,296137
42085,Mercer County,PA,172517
41019,Douglas County,OR,347839
23001,Androscoggin County,ME,337585
21093,Hardin County,KY,246588
22109,Terrebonne Parish,LA,182582
17099,La Salle County,IL,197897
05031,Craighead County,AR,219521
53015,Cowlitz County,WA,424669
34041,Warren County,NJ,429193
51085,Hanover County,VA,462649
26045,Eaton County,MI,264236
36089,Saint Lawrence County,NY,150602
46103,Pennington County,SD,369326
28089,Madison County,MS,335831
17091,Kankakee County,IL,228870
13015,Bartow County,GA,328993
39109,Miami County,OH,273072
47011,Bradley County,TN,321012
41071,Yamhill County,OR,509950
29037,Cass County,MO,344687
02170,Matanuska Susitna Borough,AK,413373
04017,Navajo County,AZ,398903
18167,Vigo County,IN,164059
01069,Houston County,AL,204428
55127,Walworth County,WI,414400
27019,Carver County,MN,496643
54061,Monongalia County,WV,268559
36109,Tompkins County,NY,359644
45085,Sumter County,SC,204805
48397,Rockwall County,TX,415992
55035,Eau Claire County,WI,327399
29165,Platte County,MO,395149
19193,Woodbury County,IA,211463
29071,Franklin County,MO,267765
17115,Macon County,IL,127195
26017,Bay County,MI,188669
55039,Fond du Lac County,WI,296758
42001,Adams County,PA,338846
01055,Etowah County,AL,186661
30029,Flathead County,MT,652673
24015,Cecil County,MD,387213
24045,Wicomico County,MD,276091
13313,Whitfield County,GA,249266
21059,Daviess County,KY,220446
39003,Allen County,OH,194196
39029,Columbiana County,OH,164310
06057,Nevada County,CA,622930
01083,Limestone County,AL,322656
37049,Craven County,NC,278188
12055,Highlands County,FL,233871
17037,DeKalb County,IL,303352
56021,Laramie County,WY,394023
05051,Garland County,AR,246752
51770,Roanoke City,VA,225072
26091,Lenawee County,MI,247943
51121,Montgomery County,VA,346984
06101,Sutter County,CA,441035
47119,Maury County,TN,406435
37045,Cleveland County,NC,214273
48231,Hunt County,TX,275809
19061,Dubuque County,IA,281609
37125,Moore County,NC,416447
47113,Madison County,TN,230042
13115,Floyd County,GA,235850
19169,Story County,IA,296730
47155,Sevier County,TN,408301
36079,Putnam County,NY,580602
38015,Burleigh County,ND,375562
53025,Grant County,WA,363094
39007,Ashtabula County,OH,184924
22057,Lafourche Parish,LA,189160
51740,Portsmouth City,VA,269515
01095,Marshall County,AL,244549
02090,Fairbanks North Star Borough,AK,317106
19049,Dallas County,IA,355844
51161,Roanoke County,VA,342773
27141,Sherburne County,MN,395563
34009,Cape May County,NJ,807930
13297,Walton County,GA,392009
39055,Geauga County,OH,389874
53021,Franklin County,WA,421428
48021,Bastrop County,TX,359509
41003,Benton County,OR,562302
45057,Lancaster County,SC,386823
40131,Rogers County,OK,285221
37127,Nash County,NC,238493
54011,Cabell County,WV,170231
26055,Grand Traverse County,MI,423242
36101,Steuben County,NY,174606
01077,Lauderdale County,AL,232656
19155,Pottawattamie County,IA,244775
51800,Suffolk City,VA,392055
39157,Tuscarawas County,OH,217962
13247,Rockdale County,GA,304191
48037,Bowie County,TX,195599
21037,Campbell County,KY,298114
55109,Saint Croix County,WI,422253
24009,Calvert County,MD,488965
21151,Madison County,KY,287618
42097,Northumberland County,PA,161381
06045,Mendocino County,CA,492380
36117,Wayne County,NY,256621
48469,Victoria County,TX,220051
33009,Grafton County,NH,436642
55089,Ozaukee County,WI,510601
37157,Rockingham County,NC,202327
01115,Saint Clair County,AL,281844
51069,Frederick County,VA,432111
48291,Liberty County,TX,234145
55027,Dodge County,WI,328212
16083,Twin Falls County,ID,385504
26087,Lapeer County,MI,302461
12089,Nassau County,FL,485655
37023,Burke County,NC,257627
29043,Christian County,MO,320981
41033,Josephine County,OR,394289
01051,Elmore County,AL,275167
01043,Cullman County,AL,257012
13095,Dougherty County,GA,125636
48005,Angelina County,TX,196692
16005,Bannock County,ID,362035
41053,Polk County,OR,484883
39119,Muskingum County,OH,213507
42073,Lawrence County,PA,165251
53029,Island County,WA,645646
37109,Lincoln County,NC,407561
29021,Buchanan County,MO,196794
44005,Newport County,RI,788245
48361,Orange County,TX,189595
45075,Orangeburg County,SC,164481
55055,Jefferson County,WI,372709
54107,Wood County,WV,175227
42039,Crawford County,PA,172456
36015,Chemung County,NY,166792
13127,Glynn County,GA,361440
30013,Cascade County,MT,344153
42063,Indiana County,PA,170631
26111,Midland County,MI,252902
28081,Lee County,MS,213935
18067,Howard County,IN,194967
51165,Rockingham County,VA,364289
22097,Saint Landry Parish,LA,132916
12087,Monroe County,FL,960827
13013,Barrow County,GA,350697
01121,Talladega County,AL,181108
40119,Payne County,OK,245289
48213,Henderson County,TX,270755
18005,Bartholomew County,IN,277100
21029,Bullitt County,KY,298368
48099,Coryell County,TX,227208
20103,Leavenworth County,KS,351999
53041,Lewis County,WA,440705
55071,Manitowoc County,WI,269387
29031,Cape Girardeau County,MO,243390
37027,Caldwell County,NC,238805
42033,Clearfield County,PA,137762
40145,Wagoner County,OK,285973
06115,Yuba County,CA,421931
18085,Kosciusko County,IN,295139
36019,Clinton County,NY,234264
13031,Bulloch County,GA,280951
41059,Umatilla County,OR,316458
56025,Natrona County,WY,315845
18043,Floyd County,IN,289954
51019,Bedford County,VA,355720
47141,Putnam County,TN,317212
26037,Clinton County,MI,320984
51680,Lynchburg City,VA,247599
37195,Wilson County,NC,218178
18059,Hancock County,IN,332576
53007,Chelan County,WA,544367
36105,Sullivan County,NY,325747
45073,Oconee County,SC,293603
51095,James City County,VA,488255
28035,Forrest County,MS,187573
29051,Cole County,MO,288781
36009,Cattaraugus County,NY,168000
39141,Ross County,OH,208904
51015,Augusta County,VA,372170
05145,White County,AR,208020
53009,Clallam County,WA,499135
47001,Anderson County,TN,317764
36011,Cayuga County,NY,238643
48471,Walker County,TX,275836
33005,Cheshire County,NH,396254
35061,Valencia County,NM,319670
39043,Erie County,OH,242265
26159,Van Buren County,MI,280650
39063,Hancock County,OH,243652
37037,Chatham County,NC,565381
17183,Vermilion County,IL,105054
54081,Raleigh County,WV,160333
53027,Grays Harbor County,WA,325970
39145,Scioto County,OH,147954
42111,Somerset County,PA,179615
55141,Wood County,WI,236897
13157,Jackson County,GA,407483
05085,Lonoke County,AR,231414
28075,Lauderdale County,MS,125825
12131,Walton County,FL,659313
15007,Kauai County,HI,1015489
12107,Putnam County,FL,220059
38035,Grand Forks County,ND,298680
35031,McKinley County,NM,220425
35025,Lea County,NM,201785
20161,Riley County,KS,277929
51061,Fauquier County,VA,656541
21047,Christian County,KY,204594
08014,Broomfield County,CO,624180
40125,Pottawatomie County,OK,193752
47147,Robertson County,TN,372943
40037,Creek County,OK,219715
51199,York County,VA,470238
01049,De Kalb County,AL,219724
37171,Surry County,NC,242752
18109,Morgan County,IN,303869
49045,Tooele County,UT,482217
25011,Franklin County,MA,377417
22045,Iberia Parish,LA,145664
55097,Portage County,WI,324458
30049,Lewis and Clark County,MT,472725
47059,Greene County,TN,253591
18011,Boone County,IN,423125
38101,Ward County,ND,284927
13285,Troup County,GA,238187
45047,Greenwood County,SC,178347
12023,Columbia County,FL,271440
41035,Klamath County,OR,312609
24001,Allegany County,MD,159568
48203,Harrison County,TX,212705
27013,Blue Earth County,MN,306726
48409,San Patricio County,TX,209869
36053,Madison County,NY,265879
26155,Shiawassee County,MI,217763
05069,Jefferson County,AR,85670
48497,Wise County,TX,376447
37031,Carteret County,NC,473823
13295,Walker County,GA,245010
06033,Lake County,CA,308951
37069,Franklin County,NC,364221
21185,Oldham County,KY,452819
13047,Catoosa County,GA,298068
20015,Butler County,KS,252951
21145,McCracken County,KY,191342
28067,Jones County,MS,158986
35035,Otero County,NM,231296
23003,Aroostook County,ME,171902
17199,Williamson County,IL,159235
45059,Laurens County,SC,201181
39013,Belmont County,OH,136165
29187,Saint Francois County,MO,194662
40101,Muskogee County,OK,159230
18053,Grant County,IN,155576
27131,Rice County,MN,355943
13255,Spalding County,GA,234394
18177,Wayne County,IN,175707
26067,Ionia County,MI,269153
04001,Apache County,AZ,319265
26117,Montcalm County,MI,243783
26103,Marquette County,MI,264691
37193,Wilkes County,NC,227948
54033,Harrison County,WV,150126
42005,Armstrong County,PA,161746
27035,Crow Wing County,MN,377784
17001,Adams County,IL,189629
55017,Chippewa County,WI,327473
26073,Isabella County,MI,234262
36113,Warren County,NY,385025
48427,Starr County,TX,142437
39101,Marion County,OH,183366
39081,Jefferson County,OH,129147
06103,Tehama County,CA,325205
55111,Sauk County,WI,346129
01127,Walker County,AL,164975
27027,Clay County,MN,306815
35005,Chaves County,NM,173571
42037,Columbia County,PA,247013
45055,Kershaw County,SC,259845
53045,Mason County,WA,458604
48347,Nacogdoches County,TX,224627
42025,Carbon County,PA,270784
34033,Salem County,NJ,301043
21199,Pulaski County,KY,180103
41011,Coos County,OR,353486
37161,Rutherford County,NC,220005
13179,Liberty County,GA,246599
47063,Hamblen County,TN,274494
28073,Lamar County,MS,266598
18173,Warrick County,IN,295221
33001,Belknap County,NH,519281
13103,Effingham County,GA,337775
45031,Darlington County,SC,171127
06069,San Benito County,CA,774114
46083,Lincoln County,SD,386820
05115,Pope County,AR,213899
45043,Georgetown County,SC,388789
39009,Athens County,OH,190481
37105,Lee County,NC,292487
40047,Garfield County,OK,142534
31079,Hall County,NE,260997
39083,Knox County,OH,291788
36051,Livingston County,NY,250099
53071,Walla Walla County,WA,420247
37167,Stanly County,NC,307252
21125,Laurel County,KY,184267
20155,Reno County,KS,158949
26015,Barry County,MI,304222
39159,Union County,OH,413120
37087,Haywood County,NC,345457
36021,Columbia County,NY,488466
36115,Washington County,NY,256918
08045,Garfield County,CO,714234
35015,Eddy County,NM,249097
47167,Tipton County,TN,275472
05033,Crawford County,AR,222088
37077,Granville County,NC,317221
51143,Pittsylvania County,VA,195604
26149,Saint Joseph County,MI,224570
36043,Herkimer County,NY,206905
50021,Rutland County,VT,321850
47035,Cumberland County,TN,311747
48221,Hood County,TX,381946
42015,Bradford County,PA,209389
37141,Pender County,NC,439797
39167,Washington County,OH,189859
54055,Mercer County,WV,147135
27111,Otter Tail County,MN,340757
50023,Washington County,VT,403250
37163,Sampson County,NC,151494
39143,Sandusky County,OH,191081
36077,Otsego County,NY,221447
39087,Lawrence County,OH,149398
21195,Pike County,KY,100440
28087,Lowndes County,MS,191750
01009,Blount County,AL,236382
48467,Van Zandt County,TX,283066
02122,Kenai Peninsula Borough,AK,356795
01113,Russell County,AL,198898
29113,Lincoln County,MO,317731
29145,Newton County,MO,246684
39077,Huron County,OH,199799
39129,Pickaway County,OH,331497
36037,Genesee County,NY,230970
42103,Pike County,PA,305946
01001,Autauga County,AL,266179
55021,Columbia County,WI,362811
22001,Acadia Parish,LA,155604
48001,Anderson County,TX,219538
32019,Lyon County,NV,422131
32510,Carson City,NV,498212
23017,Oxford County,ME,325751
22113,Vermilion Parish,LA,160267
48323,Maverick County,TX,222286
54037,Jefferson County,WV,401792
50027,Windsor County,VT,432807
54079,Putnam County,WV,252964
47031,Coffee County,TN,313451
13129,Gordon County,GA,280102
49003,Box Elder County,UT,450907
47073,Hawkins County,TN,251909
27025,Chisago County,MN,392440
47019,Carter County,TN,242472
21209,Scott County,KY,344917
54049,Marion County,WV,168932
45021,Cherokee County,SC,191977
48199,Hardin County,TX,233066
01033,Colbert County,AL,199737
28109,Pearl River County,MS,192984
17195,Whiteside County,IL,150218
29213,Taney County,MO,248210
49021,Iron County,UT,414507
28071,Lafayette County,MS,407689
08037,Eagle County,CO,1298553
08067,La Plata County,CO,689415
51031,Campbell County,VA,276073
48473,Waller County,TX,364635
23009,Hancock County,ME,432155
37107,Lenoir County,NC,152691
06109,Tuolumne County,CA,395230
39147,Seneca County,OH,180543
51067,Franklin County,VA,369641
40051,Grady County,OK,248056
20169,Saline County,KS,181823
47089,Jefferson County,TN,339551
47105,Loudon County,TN,452441
13039,Camden County,GA,307585
37189,Watauga County,NC,516079
51191,Washington County,VA,260753
47043,Dickson County,TN,364429
29101,Johnson County,MO,286692
17077,Jackson County,IL,134847
17007,Boone County,IL,289666
36035,Fulton County,NY,231092
29169,Pulaski County,MO,229482
32007,Elko County,NV,375570
47145,Roane County,TN,300246
26157,Tuscola County,MI,193402
04007,Gila County,AZ,390089
47107,McMinn County,TN,260985
01031,Coffee County,AL,183797
21113,Jessamine County,KY,328895
39005,Ashland County,OH,247156
01071,Jackson County,AL,194820
48401,Rusk County,TX,213104
48265,Kerr County,TX,373298
40147,Washington County,OK,187415
41009,Columbia County,OR,454561
17063,Grundy County,IL,326662
22089,Saint Charles Parish,LA,268958
24047,Worcester County,MD,425877
22099,Saint Martin Parish,LA,174964
55043,Grant County,WI,232026
37093,Hoke County,NC,280555
55015,Calumet County,WI,385813
51660,Harrisonburg City,VA,332156
51047,Culpeper County,VA,496737
48349,Navarro County,TX,232932
19181,Warren County,IA,326799
39037,Darke County,OH,222245
17141,Ogle County,IL,231798
55135,Waupaca County,WI,292654
26027,Cass County,MI,276008
37047,Columbus County,NC,187749
28105,Oktibbeha County,MS,283722
21073,Franklin County,KY,247227
42127,Wayne County,PA,309740
51089,Henry County,VA,142970
16065,Madison County,ID,426123
42121,Venango County,PA,132739
44001,Bristol County,RI,655997
48073,Cherokee County,TX,227338
18029,Dearborn County,IN,333417
48325,Medina County,TX,323532
23025,Somerset County,ME,238047
47053,Gibson County,TN,183690
17095,Knox County,IL,120012
32023,Nye County,NV,363875
33003,Carroll County,NH,514569
48277,Lamar County,TX,205946
27169,Winona County,MN,285659
41041,Lincoln County,OR,479348
31019,Buffalo County,NE,307959
37061,Duplin County,NC,189078
22101,Saint Mary Parish,LA,121330
50011,Franklin County,VT,378152
47003,Bedford County,TN,333436
24035,Queen Annes County,MD,530985
26123,Newaygo County,MI,260649
37065,Edgecombe County,NC,137658
36057,Montgomery County,NY,216435
01045,Dale County,AL,163161
17073,Henry County,IL,176192
48493,Wilson County,TX,406719
48373,Polk County,TX,177952
37083,Halifax County,NC,104102
13175,Laurens County,GA,183102
32005,Douglas County,NV,706232
22115,Vernon Parish,LA,164138
08043,Fremont County,CO,342522
40083,Logan County,OK,317574
18065,Henry County,IN,193177
35009,Curry County,NM,159954
48013,Atascosa County,TX,246992
36107,Tioga County,NY,211016
40079,Le Flore County,OK,170498
48053,Burnet County,TX,428828
22061,Lincoln Parish,LA,225361
39149,Shelby County,OH,248492
05035,Crittenden County,AR,168152
53075,Whitman County,WA,339135
40019,Carter County,OK,178422
12063,Jackson County,FL,183076
21019,Boyd County,KY,138845
36039,Greene County,NY,370068
36033,Franklin County,NY,180341
48465,Val Verde County,TX,208546
42009,Bedford County,PA,216240
17029,Coles County,IL,147276
16011,Bingham County,ID,393977
21211,Shelby County,KY,329483
27049,Goodhue County,MN,326886
04023,Santa Cruz County,AZ,280907
36017,Chenango County,NY,166635
40021,Cherokee County,OK,213946
18113,Noble County,IN,258062
36023,Cortland County,NY,209946
56005,Campbell County,WY,340426
36003,Allegany County,NY,142982
51540,Charlottesville City,VA,495262
19045,Clinton County,IA,182557
55005,Barron County,WI,289645
16017,Bonner County,ID,656880
21179,Nelson County,KY,268186
39011,Auglaize County,OH,243860
18099,Marshall County,IN,267657
42087,Mifflin County,PA,197747
40113,Osage County,OK,218571
55081,Monroe County,WI,267234
53065,Stevens County,WA,379290
47123,Monroe County,TN,289683
27007,Beltrami County,MN,273584
39091,Logan County,OH,258368
18071,Jackson County,IN,230040
28045,Hancock County,MS,238272
42099,Perry County,PA,299172
50025,Windham County,VT,382603
40013,Bryan County,OK,228608
13071,Colquitt County,GA,168655
22117,Washington Parish,LA,131036
13137,Habersham County,GA,325510
26059,Hillsdale County,MI,216492
13275,Thomas County,GA,228273
05055,Greene County,AR,194955
28151,Washington County,MS,55866
21107,Hopkins County,KY,144960
21101,Henderson County,KY,208278
06009,Calaveras County,CA,441854
48055,Caldwell County,TX,284198
48071,Chambers County,TX,351582
55033,Dunn County,WI,318652
17117,Macoupin County,IL,145423
28149,Warren County,MS,147213
18093,Lawrence County,IN,210503
27061,Itasca County,MN,255996
01021,Chilton County,AL,224581
18145,Shelby County,IN,246475
17177,Stephenson County,IL,161884
55095,Polk County,WI,342321
37013,Beaufort County,NC,236023
29161,Phelps County,MO,236688
26023,Branch County,MI,211683
36025,Delaware County,NY,253239
48499,Wood County,TX,273401
37169,Stokes County,NC,265398
37111,McDowell County,NC,264176
42065,Jefferson County,PA,122760
42061,Huntingdon County,PA,180432
29027,Callaway County,MO,269613
21009,Barren County,KY,218668
12039,Gadsden County,FL,201883
51171,Shenandoah County,VA,345496
39075,Holmes County,OH,371416
06093,Siskiyou County,CA,287007
53037,Kittitas County,WA,502405
55031,Douglas County,WI,266147
40071,Kay County,OK,117379
47099,Lawrence County,TN,251269
39097,Madison County,OH,320727
13009,Baldwin County,GA,234352
48259,Kendall County,TX,594611
40121,Pittsburg County,OK,150141
22087,Saint Bernard Parish,LA,211018
30081,Ravalli County,MT,603900
39015,Brown County,OH,260177
45025,Chesterfield County,SC,177730
12121,Suwannee County,FL,272598
27067,Kandiyohi County,MN,291304
18037,Dubois County,IN,265348
37153,Richmond County,NC,134300
13029,Bryan County,GA,401911
19033,Cerro Gordo County,IA,204976
39071,Highland County,OH,206697
19139,Muscatine County,IA,208065
33019,Sullivan County,NH,392192
42119,Union County,PA,297017
18033,De Kalb County,IN,257085
29029,Camden County,MO,321203
13069,Coffee County,GA,178299
37099,Jackson County,NC,452528
40137,Stephens County,OK,144226
29159,Pettis County,MO,195703
05091,Miller County,AR,167755
51683,Manassas City,VA,493272
39051,Fulton County,OH,233805
13233,Polk County,GA,226434
37181,Vance County,NC,185626
53017,Douglas County,WA,500547
54069,Ohio County,WV,161591
51590,Danville City,VA,135583
37059,Davie County,NC,328747
47051,Franklin County,TN,319085
56037,Sweetwater County,WY,293758
22095,Saint John the Baptist Parish,LA,201347
12075,Levy County,FL,292391
08085,Montrose County,CO,463999
29023,Butler County,MO,173070
48143,Erath County,TX,344323
51149,Prince George County,VA,361714
55093,Pierce County,WI,376223
49043,Summit County,UT,1323633
39107,Mercer County,OH,278150
39027,Clinton County,OH,258934
53047,Okanogan County,WA,317305
39033,Crawford County,OH,164878
16069,Nez Perce County,ID,394993
26057,Gratiot County,MI,186078
55075,Marinette County,WI,224402
48481,Wharton County,TX,248277
47047,Fayette County,TN,375258
05005,Baxter County,AR,233644
01123,Tallapoosa County,AL,268098
48097,Cooke County,TX,319380
40087,McClain County,OK,286779
13277,Tift County,GA,210202
27009,Benton County,MN,314211
42117,Tioga County,PA,224670
54019,Fayette County,WV,136463
39135,Preble County,OH,238017
13219,Oconee County,GA,562301
05093,Mississippi County,AR,114890
47021,Cheatham County,TN,400290
55115,Shawano County,WI,285136
26151,Sanilac County,MI,211906
47177,Warren County,TN,258361
48459,Upshur County,TX,239627
41007,Clatsop County,OR,520495
40041,Delaware County,OK,289274
36121,Wyoming County,NY,214077
42083,McKean County,PA,112627
51185,Tazewell County,VA,144119
27059,Isanti County,MN,343789
36073,Orleans County,NY,207441
23013,Knox County,ME,447204
39123,Ottawa County,OH,275918
35039,Rio Arriba County,NM,339893
51187,Warren County,VA,401011
28113,Pike County,MS,107950
37139,Pasquotank County,NC,269787
19127,Marshall County,IA,196090
06005,Amador County,CA,423490
18087,Lagrange County,IN,351478
26107,Mecosta County,MI,236997
27099,Mower County,MN,207760
22009,Avoyelles Parish,LA,130764
42109,Snyder County,PA,231911
13213,Murray County,GA,245379
29091,Howell County,MO,226689
12093,Okeechobee County,FL,293509
40135,Sequoyah County,OK,191608
23027,Waldo County,ME,351854
18061,Harrison County,IN,267946
16057,Latah County,ID,480339
12051,Hendry County,FL,274141
56013,Fremont County,WY,328091
54099,Wayne County,WV,144411
47013,Campbell County,TN,243998
40097,Mayes County,OK,220980
05139,Union County,AR,127316
48249,Jim Wells County,TX,140091
01047,Dallas County,AL,90173
19057,Des Moines County,IA,149830
20037,Crawford County,KS,140482
37145,Person County,NC,255526
29225,Webster County,MO,268616
42115,Susquehanna County,PA,247115
42123,Warren County,PA,140226
27041,Douglas County,MN,355467
55083,Oconto County,WI,316112
39021,Champaign County,OH,256059
51073,Gloucester County,VA,380109
39059,Guernsey County,OH,169169
17203,Woodford County,IL,241013
45029,Colleton County,SC,256348
46013,Brown County,SD,247062
38105,Williams County,ND,356629
20055,Finney County,KS,236399
39039,Defiance County,OH,188543
51093,Isle of Wight County,VA,387233
29201,Scott County,MO,159025
04009,Graham County,AZ,308629
29109,Lawrence County,MO,209120
40123,Pontotoc County,OK,191113
48049,Brown County,TX,188539
17055,Franklin County,IL,112395
18107,Montgomery County,IN,227956
18017,Cass County,IN,174896
22069,Natchitoches Parish,LA,178867
45071,Newberry County,SC,226258
42035,Clinton County,PA,202263
05063,Independence County,AR,176328
17121,Marion County,IL,126429
19099,Jasper County,IA,233447
42031,Clarion County,PA,140709
24041,Talbot County,MD,495616
36031,Essex County,NY,297848
01039,Covington County,AL,159761
26061,Houghton County,MI,197278
55085,Oneida County,WI,326364
05009,Boone County,AR,229550
27147,Steele County,MN,301700
17081,Jefferson County,IL,148135
22119,Webster Parish,LA,116244
56001,Albany County,WY,380534
50001,Addison County,VT,440523
21035,Calloway County,KY,180311
31053,Dodge County,NE,248810
50003,Bennington County,VT,385532
37197,Yadkin County,NC,238931
51109,Louisa County,VA,424780
19187,Webster County,IA,141320
55045,Green County,WI,338282
26033,Chippewa County,MI,203966
17027,Clinton County,IL,226277
40111,Okmulgee County,OK,130622
39171,Williams County,OH,185604
47045,Dyer County,TN,176890
01053,Escambia County,AL,145263
18133,Putnam County,IN,277039
26041,Delta County,MI,208169
21083,Graves County,KY,171214
37055,Dare County,NC,604044
21049,Clark County,KY,256927
48223,Hopkins County,TX,263191
27085,McLeod County,MN,301752
39031,Coshocton County,OH,190381
21235,Whitley County,KY,145275
18069,Huntington County,IN,213895
37113,Macon County,NC,366678
51195,Wise County,VA,133876
23023,Sagadahoc County,ME,440725
17133,Monroe County,IL,329004
20061,Geary County,KS,211387
37003,Alexander County,NC,270610
22011,Beauregard Parish,LA,207253
18083,Knox County,IN,161327
48321,Matagorda County,TX,210200
42059,Greene County,PA,144783
31157,Scotts Bluff County,NE,198905
27017,Carlton County,MN,308185
21071,Floyd County,KY,86666
18103,Miami County,IN,164847
13299,Ware County,GA,143724
51137,Orange County,VA,387299
21089,Greenup County,KY,162036
17105,Livingston County,IL,173658
29105,Laclede County,MO,237395
47029,Cocke County,TN,243513
48217,Hill County,TX,237966
18001,Adams County,IN,254781
19167,Sioux County,IA,316784
48477,Washington County,TX,370894
31119,Madison County,NE,260711
49047,Uintah County,UT,360673
48147,Fannin County,TX,288990
39127,Perry County,OH,224040
19179,Wapello County,IA,132416
23015,Lincoln County,ME,451669
47103,Lincoln County,TN,265040
29219,Warren County,MO,338664
30093,Silver Bow County,MT,288837
27005,Becker County,MN,366411
28003,Alcorn County,MS,180543
28085,Lincoln County,MS,172553
31111,Lincoln County,NE,228802
39117,Morrow County,OH,285679
01017,Chambers County,AL,141764
20035,Cowley County,KS,127241
55019,Clark County,WI,229526
29009,Barry County,MO,244450
48227,Howard County,TX,150014
17049,Effingham County,IL,224314
28095,Monroe County,MS,166321
20057,Ford County,KS,211849
39137,Putnam County,OH,264005
18151,Steuben County,IN,322144
17103,Lee County,IL,188791
37165,Scotland County,NC,147805
35055,Taos County,NM,437254
13145,Harris County,GA,378602
46011,Brookings County,SD,330174
27103,Nicollet County,MN,320010
54077,Preston County,WV,142922
51083,Halifax County,VA,154518
31141,Platte County,NE,281370
18183,Whitley County,IN,285339
17021,Christian County,IL,136686
28093,Marshall County,MS,222347
49051,Wasatch County,UT,948250
12027,De Soto County,FL,252706
17057,Fulton County,IL,110893
20079,Harvey County,KS,195778
20121,Miami County,KS,381904
26047,Emmet County,MI,449641
47117,Marshall County,TN,327691
36099,Seneca County,NY,229354
51155,Pulaski County,VA,226056
27097,Morrison County,MN,317603
19111,Lee County,IA,125077
40081,Lincoln County,OK,189904
26165,Wexford County,MI,235132
51023,Botetourt County,VA,319401
51001,Accomack County,VA,246385
19125,Marion County,IA,278015
48241,Jasper County,TX,193471
17011,Bureau County,IL,154318
54025,Greenbrier County,WV,209182
28107,Panola County,MS,183691
18027,Daviess County,IN,241052
24011,Caroline County,MD,332511
51730,Petersburg City,VA,203315
17137,Morgan County,IL,138568
13187,Lumpkin County,GA,397236
01109,Pike County,AL,169459
12129,Wakulla County,FL,288466
05059,Hot Spring County,AR,164116
01079,Lawrence County,AL,224595
18051,Gibson County,IN,211935
18023,Clinton County,IN,229746
18073,Jasper County,IN,302243
18077,Jefferson County,IN,240414
37175,Transylvania County,NC,475231
06035,Lassen County,CA,236910
47183,Weakley County,TN,195643
38059,Morton County,ND,329002
48189,Hale County,TX,121308
13227,Pickens County,GA,399590
54045,Logan County,WV,107934
29107,Lafayette County,MO,248506
47143,Rhea County,TN,264669
38089,Stark County,ND,325026
53031,Jefferson County,WA,607624
13177,Lee County,GA,267335
22039,Evangeline Parish,LA,99920
39079,Jackson County,OH,148395
24019,Dorchester County,MD,272255
20111,Lyon County,KS,190195
47079,Henry County,TN,222433
45023,Chester County,SC,213049
22053,Jefferson Davis Parish,LA,154596
02110,Juneau Borough,AK,483351
01059,Franklin County,AL,180917
47025,Claiborne County,TN,229487
20125,Montgomery County,KS,102897
21157,Marshall County,KY,205185
45027,Clarendon County,SC,187572
26063,Huron County,MI,201985
29167,Polk County,MO,276752
51009,Amherst County,VA,266770
33007,Coos County,NH,257178
48449,Titus County,TX,227621
41045,Malheur County,OR,316234
27119,Polk County,MN,255717
28011,Bolivar County,MS,117085
31001,Adams County,NE,217789
45089,Williamsburg County,SC,131928
48025,Bee County,TX,163914
13123,Gilmer County,GA,414266
28115,Pontotoc County,MS,215355
08029,Delta County,CO,415949
18169,Wabash County,IN,193954
40089,McCurtain County,OK,198188
08117,Summit County,CO,979231
42047,Elk County,PA,140550
30047,Lake County,MT,603585
29209,Stone County,MO,322823
48273,Kleberg County,TX,148045
21177,Muhlenberg County,KY,130485
23029,Washington County,ME,207650
18055,Greene County,IN,199909
27047,Freeborn County,MN,200332
51033,Caroline County,VA,364227
26035,Clare County,MI,163476
54051,Marshall County,WV,138396
56033,Sheridan County,WY,444347
39065,Hardin County,OH,192368
47131,Obion County,TN,168015
55123,Vernon County,WI,268298
22047,Iberville Parish,LA,175933
17157,Randolph County,IL,157464
40115,Ottawa County,OK,142332
55121,Trempealeau County,WI,287118
21021,Boyle County,KY,245870
16051,Jefferson County,ID,478394
50005,Caledonia County,VT,310376
21121,Knox County,KY,131697
51117,Mecklenburg County,VA,211276
47055,Giles County,TN,252905
48015,Austin County,TX,428059
13305,Wayne County,GA,214580
37017,Bladen County,NC,142977
20113,McPherson County,KS,227603
51145,Powhatan County,VA,503163
51173,Smyth County,VA,163396
36095,Schoharie County,NY,256222
28001,Adams County,MS,121650
27021,Cass County,MN,347262
13195,Madison County,GA,329891
21163,Meade County,KY,280919
55029,Door County,WI,436541
13261,Sumter County,GA,138882
13143,Haralson County,GA,276263
56029,Park County,WY,448501
45067,Marion County,SC,144687
46093,Meade County,SD,400593
23007,Franklin County,ME,300634
54029,Hancock County,WV,143813
01093,Marion County,AL,163806
39053,Gallia County,OH,174359
50017,Orange County,VT,336029
28099,Neshoba County,MS,144765
51035,Carroll County,VA,189843
26105,Mason County,MI,276738
13087,Decatur County,GA,171385
27115,Pine County,MN,264561
24023,Garrett County,MD,339911
18137,Ripley County,IN,286742
26007,Alpena County,MI,199568
39047,Fayette County,OH,242352
20051,Ellis County,KS,246290
48185,Grimes County,TX,348710
08087,Morgan County,CO,335083
29207,Stoddard County,MO,154825
39161,Van Wert County,OH,188820
48067,Cass County,TX,162762
47115,Marion County,TN,261852
06021,Glenn County,CA,363196
29069,Dunklin County,MO,93447
27079,Le Sueur County,MN,362128
40039,Custer County,OK,177938
29127,Marion County,MO,197725
28083,Leflore County,MS,73673
45033,Dillon County,SC,119119
37039,Cherokee County,NC,269914
17135,Montgomery County,IL,136270
45053,Jasper County,SC,398650
49039,Sanpete County,UT,398001
28029,Copiah County,MS,131010
21193,Perry County,KY,97314
16039,Elmore County,ID,360812
55069,Lincoln County,WI,248220
47017,Carroll County,TN,182643
51197,Wythe County,VA,215438
48363,Palo Pinto County,TX,288924
13169,Jones County,GA,253922
46029,Codington County,SD,343509
17107,Logan County,IL,144450
51840,Winchester City,VA,359117
39073,Hocking County,OH,285486
35017,Grant County,NM,185642
05015,Carroll County,AR,271821
54083,Randolph County,WV,162125
28137,Tate County,MS,246544
18179,Wells County,IN,253857
21173,Montgomery County,KY,232734
28123,Scott County,MS,125870
51053,Dinwiddie County,VA,303252
51630,Fredericksburg City,VA,474797
18175,Washington County,IN,220157
54035,Jackson County,WV,203073
13207,Monroe County,GA,339112
12003,Baker County,FL,319928
12007,Bradford County,FL,255894
28163,Yazoo County,MS,109344
13311,White County,GA,325975
13225,Peach County,GA,236741
47077,Henderson County,TN,217878
28145,Union County,MS,207085
17109,McDonough County,IL,100528
06015,Del Norte County,CA,365333
18079,Jennings County,IN,227616
39069,Henry County,OH,217311
37053,Currituck County,NC,550970
13293,Upson County,GA,187213
39001,Adams County,OH,190853
48407,San Jacinto County,TX,233066
17075,Iroquois County,IL,155743
35047,San Miguel County,NM,253344
21141,Logan County,KY,196883
50019,Orleans County,VT,305674
45087,Union County,SC,136474
35006,Cibola County,NM,159697
39131,Pike County,OH,173126
40015,Caddo County,OK,103102
47185,White County,TN,284877
41057,Tillamook County,OR,512986
51065,Fluvanna County,VA,378704
22121,West Baton Rouge Parish,LA,251115
21239,Woodford County,KY,355420
54057,Mineral County,WV,198656
13279,Toombs County,GA,175259
21095,Harlan County,KY,76648
45069,Marlboro County,SC,85339
39019,Carroll County,OH,207715
21043,Carter County,KY,161661
22031,De Soto Parish,LA,196110
48171,Gillespie County,TX,514118
47071,Hardin County,TN,211298
19015,Boone County,IA,236366
36049,Lewis County,NY,201054
13257,Stephens County,GA,237614
55057,Juneau County,WI,270014
01061,Geneva County,AL,168512
41065,Wasco County,OR,404104
37009,Ashe County,NC,359424
51099,King George County,VA,482512
26127,Oceana County,MI,259672
31025,Cass County,NE,315530
18031,Decatur County,IN,263333
18021,Clay County,IN,183363
27095,Mille Lacs County,MN,319422
42131,Wyoming County,PA,236033
21085,Grayson County,KY,167716
28133,Sunflower County,MS,93929
41061,Union County,OR,339538
13085,Dawson County,GA,452697
26029,Charlevoix County,MI,417886
13131,Grady County,GA,198079
28127,Simpson County,MS,161480
26043,Dickinson County,MI,184845
20059,Franklin County,KS,264368
40049,Garvin County,OK,150842
21217,Taylor County,KY,216217
45037,Edgefield County,SC,281868
51167,Russell County,VA,142829
47109,McNairy County,TN,174065
08083,Montezuma County,CO,417161
08039,Elbert County,CO,687219
27015,Brown County,MN,254656
37123,Montgomery County,NC,198150
50015,Lamoille County,VT,501015
05071,Johnson County,AR,181740
22067,Morehouse Parish,LA,97469
13147,Hart County,GA,316700
20009,Barton County,KS,121936
46081,Lawrence County,SD,454224
54053,Mason County,WV,159636
26031,Cheboygan County,MI,253970
19011,Benton County,IA,287889
12049,Hardee County,FL,244158
47069,Hardeman County,TN,165060
19149,Plymouth County,IA,296386
27083,Lyon County,MN,227201
47097,Lauderdale County,TN,139044
26051,Gladwin County,MI,193338
29001,Adair County,MO,195292
18129,Posey County,IN,237324
35029,Luna County,NM,165352
51775,Salem City,VA,293553
26069,Iosco County,MI,173597
01005,Barbour County,AL,155531
29007,Audrain County,MO,191541
51790,Staunton City,VA,292144
20149,Pottawatomie County,KS,330641
27153,Todd County,MN,278266
13111,Fannin County,GA,502592
32001,Churchill County,NV,395646
28117,Prentiss County,MS,145388
26137,Otsego County,MI,263714
01019,Cherokee County,AL,230680
40065,Jackson County,OK,116195
47111,Macon County,TN,267448
13035,Butts County,GA,278141
26101,Manistee County,MI,267333
16075,Payette County,ID,418854
48463,Uvalde County,TX,192222
21081,Grant County,KY,282104
12133,Washington County,FL,226273
08107,Routt County,CO,1134563
13055,Chattooga County,GA,179643
48331,Milam County,TX,274542
29175,Randolph County,MO,182084
29215,Texas County,MO,205071
19017,Bremer County,IA,263117
05023,Cleburne County,AR,260712
47081,Hickman County,TN,187605
24039,Somerset County,MD,205096
36123,Yates County,NY,327019
54067,Nicholas County,WV,157709
18135,Randolph County,IN,164676
21013,Bell County,KY,92464
21205,Rowan County,KY,189868
29131,Miller County,MO,267558
28091,Marion County,MS,141507
08119,Teller County,CO,480907
18181,White County,IN,231653
55137,Waushara County,WI,288677
16031,Cassia County,ID,354226
48149,Fayette County,TX,456970
45001,Abbeville County,SC,210985
21137,Lincoln County,KY,199961
41013,Crook County,OR,477733
51075,Goochland County,VA,588477
18143,Scott County,IN,203925
28039,George County,MS,215194
48419,Shelby County,TX,217726
41031,Jefferson County,OR,430396
13033,Burke County,GA,179590
13291,Union County,GA,385015
48007,Aransas County,TX,302613
16053,Jerome County,ID,411180
31047,Dawson County,NE,204932
51600,Fairfax City,VA,785295
54097,Upshur County,WV,153847
41027,Hood River County,OR,696588
17165,Saline County,IL,92395
16013,Blaine County,ID,1102611
28057,Itawamba County,MS,165821
21183,Ohio County,KY,153835
54059,Mingo County,WV,73695
40133,Seminole County,OK,125179
29221,Washington County,MO,189978
51139,Page County,VA,312713
55049,Iowa County,WI,347066
01133,Winston County,AL,208480
05123,Saint Francis County,AR,82183
42067,Juniata County,PA,230781
22075,Plaquemines Parish,LA,275668
26109,Menominee County,MI,188303
26143,Roscommon County,MI,194512
26009,Antrim County,MI,356162
18041,Fayette County,IN,163189
47057,Grainger County,TN,284555
21005,Anderson County,KY,267561
01025,Clarke County,AL,144308
56039,Teton County,WY,2235034
29195,Saline County,MO,186306
18149,Starke County,IN,225637
27093,Meeker County,MN,300716
29119,McDonald County,MO,228641
13119,Franklin County,GA,289474
41015,Curry County,OR,457662
54027,Hampshire County,WV,258391
46135,Yankton County,SD,281281
05111,Poinsett County,AR,133275
13267,Tattnall County,GA,196623
29055,Crawford County,MO,222896
22003,Allen Parish,LA,110627
29177,Ray County,MO,265522
53049,Pacific County,WA,342166
05027,Columbia County,AR,134732
26133,Osceola County,MI,205949
51670,Hopewell City,VA,219040
05103,Ouachita County,AR,101182
55125,Vilas County,WI,414922
21115,Johnson County,KY,139606
37033,Caswell County,NC,212565
18047,Franklin County,IN,301771
13107,Emanuel County,GA,135678
51163,Rockbridge County,VA,342756
20191,Sumner County,KS,149397
48365,Panola County,TX,205010
19183,Washington County,IA,238311
51127,New Kent County,VA,448490
51105,Lee County,VA,114320
53039,Klickitat County,WA,477812
21167,Mercer County,KY,242832
01007,Bibb County,AL,223183
37007,Anson County,NC,140026
54009,Brooke County,WV,128883
22085,Sabine Parish,LA,196603
47133,Overton County,TN,257327
39105,Meigs County,OH,112642
40009,Beckham County,OK,156779
37117,Martin County,NC,130342
48225,Houston County,TX,210421
53003,Asotin County,WA,351788
48293,Limestone County,TX,178467
26089,Leelanau County,MI,656811
22043,Grant Parish,LA,163761
27105,Nobles County,MN,246917
20175,Seward County,KS,147770
51820,Waynesboro City,VA,296974
19123,Mahaska County,IA,205165
54005,Boone County,WV,92024
37091,Hertford County,NC,117838
31155,Saunders County,NE,363046
01111,Randolph County,AL,209059
13205,Mitchell County,GA,157057
39175,Wyandot County,OH,195331
17085,Jo Daviess County,IL,252820
51147,Prince Edward County,VA,246933
29083,Henry County,MO,226356
28139,Tippah County,MS,149793
13237,Putnam County,GA,420236
47151,Scott County,TN,186594
28027,Coahoma County,MS,52878
21133,Letcher County,KY,65584
06011,Colusa County,CA,378127
08075,Logan County,CO,255502
12123,Taylor County,FL,198201
13189,McDuffie County,GA,200324
31067,Gage County,NE,204612
38093,Stutsman County,ND,229196
48219,Hockley County,TX,167824
28043,Grenada County,MS,129106
54109,Wyoming County,WV,65672
51169,Scott County,VA,173094
29147,Nodaway County,MO,224188
05019,Clark County,AR,164575
17083,Jersey County,IL,207945
17051,Fayette County,IL,155601
48341,Moore County,TX,188543
49041,Sevier County,UT,342744
28079,Leake County,MS,154548
40139,Texas County,OK,172130
48281,Lampasas County,TX,318649
27157,Wabasha County,MN,317980
48179,Gray County,TX,103569
16067,Minidoka County,ID,327419
28101,Newton County,MS,146475
05083,Logan County,AR,164848
31043,Dakota County,NE,247321
18119,Owen County,IN,235867
22111,Union Parish,LA,161239
37115,Madison County,NC,397782
48299,Llano County,TX,454750
27057,Hubbard County,MN,325741
45039,Fairfield County,SC,188084
27045,Fillmore County,MN,289055
48165,Gaines County,TX,244471
17173,Shelby County,IL,169443
47129,Morgan County,TN,213178
17145,Perry County,IL,117768
22007,Assumption Parish,LA,181285
29049,Clinton County,MO,295447
55053,Jackson County,WI,235658
22077,Pointe Coupee Parish,LA,189693
29141,Morgan County,MO,295592
48019,Bandera County,TX,336119
13321,Worth County,GA,173447
18153,Sullivan County,IN,161927
48233,Hutchinson County,TX,118845
45011,Barnwell County,SC,167421
27039,Dodge County,MN,336960
19027,Carroll County,IA,215026
26129,Ogemaw County,MI,185285
19021,Buena Vista County,IA,190121
31177,Washington County,NE,402004
05029,Conway County,AR,171603
19105,Jones County,IA,245090
13199,Meriwether County,GA,216778
54043,Lincoln County,WV,98180
51027,Buchanan County,VA,77770
22093,Saint James Parish,LA,207287
21003,Allen County,KY,211177
19019,Buchanan County,IA,228387
40153,Woodward County,OK,135004
18075,Jay County,IN,161235
48089,Colorado County,TX,298610
55061,Kewaunee County,WI,329071
05149,Yell County,AR,163290
13081,Crisp County,GA,138857
37079,Greene County,NC,182075
56041,Uinta County,WY,337916
19087,Henry County,IA,194561
21051,Clay County,KY,111885
55001,Adams County,WI,256379
48489,Willacy County,TX,179562
18049,Fulton County,IN,213002
51079,Greene County,VA,385566
48057,Calhoun County,TX,206643
53001,Adams County,WA,312234
05057,Hempstead County,AR,122536
21027,Breckinridge County,KY,175222
18015,Carroll County,IN,241565
48285,Lavaca County,TX,297361
21017,Bourbon County,KY,259234
25007,Dukes County,MA,1554309
20099,Labette County,KS,99471
49007,Carbon County,UT,285525
01099,Monroe County,AL,140820
22083,Richland Parish,LA,171129
19191,Winneshiek County,IA,325566
13091,Dodge County,GA,158127
35027,Lincoln County,NM,344933
27091,Martin County,MN,225383
13303,Washington County,GA,151493
48457,Tyler County,TX,176746
22041,Franklin Parish,LA,114803
55119,Taylor County,WI,237797
18147,Spencer County,IN,232541
46035,Davison County,SD,255765
47041,Dekalb County,TN,300363
48337,Montague County,TX,259445
40001,Adair County,OK,180057
48123,De Witt County,TX,218988
29217,Vernon County,MO,180839
28153,Wayne County,MS,144151
47159,Smith County,TN,309970
18117,Orange County,IN,186525
21231,Wayne County,KY,168210
48253,Jones County,TX,158896
48177,Gonzales County,TX,258616
17041,Douglas County,IL,160945
13211,Morgan County,GA,461565
30053,Lincoln County,MT,431764
49013,Duchesne County,UT,375737
13229,Pierce County,GA,212692
06063,Plumas County,CA,372124
12059,Holmes County,FL,187642
47173,Union County,TN,297661
22037,East Feliciana Parish,LA,228702
19065,Fayette County,IA,159631
21155,Marion County,KY,240180
20021,Cherokee County,KS,131468
19097,Jackson County,IA,243088
01087,Macon County,AL,132644
48161,Freestone County,TX,236502
05113,Polk County,AR,191925
55067,Langlade County,WI,237332
56023,Lincoln County,WY,509134
13105,Elbert County,GA,185036
08015,Chaffee County,CO,695584
37149,Polk County,NC,309022
01091,Marengo County,AL,138728
05003,Ashley County,AR,85669
29015,Benton County,MO,191167
24029,Kent County,MD,392199
54047,McDowell County,WV,36987
21213,Simpson County,KY,256937
21215,Spencer County,KY,380890
01107,Pickens County,AL,135869
45049,Hampton County,SC,151244
35041,Roosevelt County,NM,144060
21099,Hart County,KY,190947
01013,Butler County,AL,116927
35028,Los Alamos County,NM,588045
18123,Perry County,IN,190537
40091,McIntosh County,OK,196601
45081,Saluda County,SC,218019
29157,Perry County,MO,235762
55047,Green Lake County,WI,300129
22029,Concordia Parish,LA,120186
27161,Waseca County,MN,262166
46005,Beadle County,SD,193583
47085,Humphreys County,TN,255185
28141,Tishomingo County,MS,192599
37185,Warren County,NC,224226
39125,Paulding County,OH,164107
21001,Adair County,KY,166274
17033,Crawford County,IL,135537
27055,Houston County,MN,330506
06027,Inyo County,CA,533690
28025,Clay County,MS,155767
13231,Pike County,GA,379550
16045,Gem County,ID,485180
21097,Harrison County,KY,245365
48117,Deaf Smith County,TX,178026
08089,Otero County,CO,158179
19157,Poweshiek County,IA,226232
29186,Sainte Genevieve County,MO,264098
20041,Dickinson County,KS,171196
13001,Appling County,GA,164505
19031,Cedar County,IA,257697
28031,Covington County,MS,183201
13171,Lamar County,GA,288611
13133,Greene County,GA,641077
05121,Randolph County,AR,144119
48163,Frio County,TX,162839
20087,Jefferson County,KS,294651
47049,Fentress County,TN,250102
37199,Yancey County,NC,318996
28131,Stone County,MS,208212
51193,Westmoreland County,VA,312612
48035,Bosque County,TX,242714
29229,Wright County,MO,200911
42093,Montour County,PA,278887
13019,Berrien County,GA,189973
48003,Andrews County,TX,265312
51570,Colonial Heights City,VA,284362
37015,Bertie County,NC,67524
13025,Brantley County,GA,174480
13011,Banks County,GA,344411
29163,Pike County,MO,223220
12079,Madison County,FL,212231
51175,Southampton County,VA,275119
28007,Attala County,MS,115023
29003,Andrew County,MO,294286
26019,Benzie County,MI,413917
36097,Schuyler County,NY,250031
37131,Northampton County,NC,113761
47091,Johnson County,TN,248754
47075,Haywood County,TN,178303
05053,Grant County,AR,212073
21207,Russell County,KY,154560
48503,Young County,TX,180526
47171,Unicoi County,TN,248325
28159,Winston County,MS,150388
46065,Hughes County,SD,298283
55113,Sawyer County,WI,345107
26079,Kalkaska County,MI,234028
48133,Eastland County,TX,151061
12041,Gilchrist County,FL,308156
17067,Hancock County,IL,117877
37011,Avery County,NC,388739
48051,Burleson County,TX,272647
51141,Patrick County,VA,188431
53055,San Juan County,WA,896993
31159,Seward County,NE,320563
19059,Dickinson County,IA,392387
05043,Drew County,AR,157254
51101,King William County,VA,356196
19055,Delaware County,IA,247921
47139,Polk County,TN,256267
08097,Pitkin County,CO,2651287
29053,Cooper County,MO,245628
48287,Lee County,TX,362268
08093,Park County,CO,523334
55103,Richland County,WI,283513
47023,Chester County,TN,168583
05001,Arkansas County,AR,119788
17181,Union County,IL,155386
28051,Holmes County,MS,81845
05135,Sharp County,AR,147139
13017,Ben Hill County,GA,126198
06043,Mariposa County,CA,401223
32013,Humboldt County,NV,357154
13075,Cook County,GA,170275
19043,Clayton County,IA,280250
01067,Henry County,AL,197934
05047,Franklin County,AR,177934
54065,Morgan County,WV,307997
21161,Mason County,KY,174584
28017,Chickasaw County,MS,136513
19171,Tama County,IA,175183
48145,Falls County,TX,143839
30067,Park County,MT,612388
21147,McCreary County,KY,100883
21079,Garrard County,KY,257902
17045,Edgar County,IL,113878
19083,Hardin County,IA,146430
48415,Scurry County,TX,149867
54041,Lewis County,WV,129504
51520,Bristol City,VA,180132
05107,Phillips County,AR,48428
29059,Dallas County,MO,243052
05037,Cross County,AR,148703
17187,Warren County,IL,122099
05067,Jackson County,AR,96662
08051,Gunnison County,CO,726407
04012,La Paz County,AZ,273882
48395,Robertson County,TX,281216
51029,Buckingham County,VA,251549
17005,Bond County,IL,166285
51071,Giles County,VA,211099
23021,Piscataquis County,ME,233098
05089,Marion County,AR,221609
13241,Rabun County,GA,408190
45061,Lee County,SC,150719
54091,Taylor County,WV,193920
18139,Rush County,IN,221126
12029,Dixie County,FL,223180
17147,Piatt County,IL,230748
55065,Lafayette County,WI,247379
29143,New Madrid County,MO,101081
35053,Socorro County,NM,205402
19095,Iowa County,IA,237824
55129,Washburn County,WI,318495
19047,Crawford County,IA,185072
38077,Richland County,ND,233047
41001,Baker County,OR,308340
05087,Madison County,AR,273812
16049,Idaho County,ID,362387
42105,Potter County,PA,163399
46127,Union County,SD,363886
18045,Fountain County,IN,194149
19121,Madison County,IA,340284
19041,Clay County,IA,197732
28061,Jasper County,MS,137794
13183,Long County,GA,283784
20005,Atchison County,KS,189405
08003,Alamosa County,CO,325704
01057,Fayette County,AL,150934
55013,Burnett County,WI,309602
47181,Wayne County,TN,182772
18121,Parke County,IN,225462
13083,Dade County,GA,255798
30041,Hill County,MT,239542
05075,Lawrence County,AR,135432
21127,Lawrence County,KY,139776
13027,Brooks County,GA,190531
17191,Wayne County,IL,136458
51750,Radford City,VA,261016
21203,Rockcastle County,KY,150190
55023,Crawford County,WI,236789
12125,Union County,FL,266672
29013,Bates County,MO,230501
05133,Sevier County,AR,184463
51025,Brunswick County,VA,152142
51011,Appomattox County,VA,294905
55007,Bayfield County,WI,310352
27065,Kanabec County,MN,277214
55003,Ashland County,WI,191665
29155,Pemiscot County,MO,85613
20133,Neosho County,KS,110732
31131,Otoe County,NE,245407
48289,Leon County,TX,297371
17159,Richland County,IL,142727
47005,Benton County,TN,191556
21045,Casey County,KY,159230
05141,Van Buren County,AR,172418
19101,Jefferson County,IA,186319
06105,Trinity County,CA,255104
20139,Osage County,KS,209550
17131,Mercer County,IL,175928
27001,Aitkin County,MN,281939
47153,Sequatchie County,TN,287696
29135,Moniteau County,MO,239151
13163,Jefferson County,GA,118440
21103,Henry County,KY,252314
40117,Pawnee County,OK,179778
28023,Clarke County,MS,100773
19067,Floyd County,IA,165473
51135,Nottoway County,VA,201009
17039,Dewitt County,IL,162002
08049,Grand County,CO,750003
54001,Barbour County,WV,118671
17023,Clark County,IL,151412
17015,Carroll County,IL,163681
01129,Washington County,AL,173197
51063,Floyd County,VA,282424
55077,Marquette County,WI,277262
18165,Vermillion County,IN,136078
17101,Lawrence County,IL,101391
18013,Brown County,IN,365231
27127,Redwood County,MN,188248
16047,Gooding County,ID,356104
51077,Grayson County,VA,209319
40095,Marshall County,OK,209180
22125,West Feliciana Parish,LA,389570
27135,Roseau County,MN,229477
18159,Tipton County,IN,250903
40073,Kingfisher County,OK,233170
51005,Alleghany County,VA,188769
19145,Page County,IA,152496
29121,Macon County,MO,201108
22049,Jackson Parish,LA,119154
12045,Gulf County,FL,403107
48371,Pecos County,TX,160597
51830,Williamsburg City,VA,417957
35057,Torrance County,NM,225411
19079,Hamilton County,IA,175900
01029,Cleburne County,AL,238248
26113,Missaukee County,MI,233021
26011,Arenac County,MI,168221
29117,Livingston County,MO,194136
21069,Fleming County,KY,182467
48239,Jackson County,TX,212665
37121,Mitchell County,NC,243341
27143,Sibley County,MN,295137
17149,Pike County,IL,123682
47007,Bledsoe County,TN,249889
26053,Gogebic County,MI,132665
19109,Kossuth County,IA,173612
48255,Karnes County,TX,213405
01065,Hale County,AL,179153
46027,Clay County,SD,288548
29073,Gasconade County,MO,239503
51685,Manassas Park City,VA,463402
51125,Nelson County,VA,365800
13221,Oglethorpe County,GA,319152
22059,LaSalle Parish,LA,145590
21123,Larue County,KY,224713
27129,Renville County,MN,200011
13161,Jeff Davis County,GA,149018
48353,Nolan County,TX,121540
51043,Clarke County,VA,574223
56007,Carbon County,WY,218481
05021,Clay County,AR,120959
19129,Mills County,IA,284695
17139,Moultrie County,IL,188285
54103,Wetzel County,WV,113179
21191,Pendleton County,KY,238153
39067,Harrison County,OH,145883
49037,San Juan County,UT,365780
19085,Harrison County,IA,228883
29065,Dent County,MO,190674
48389,Reeves County,TX,178730
08071,Las Animas County,CO,245318
42057,Fulton County,PA,236454
21119,Knott County,KY,60790
28129,Smith County,MS,158772
13159,Jasper County,GA,327840
22027,Claiborne Parish,LA,75051
19023,Butler County,IA,195956
20011,Bourbon County,KS,138860
12065,Jefferson County,FL,311781
31151,Saline County,NE,211311
51610,Falls Church City,VA,1173901
47015,Cannon County,TN,326941
40023,Choctaw County,OK,142551
17127,Massac County,IL,121265
54031,Hardy County,WV,227455
51051,Dickenson County,VA,118439
45017,Calhoun County,SC,209975
01027,Clay County,AL,182928
29039,Cedar County,MO,227292
55107,Rusk County,WI,220424
40035,Craig County,OK,197535
37173,Swain County,NC,327862
39121,Noble County,OH,193136
31185,York County,NE,232454
21065,Estill County,KY,124116
19141,O Brien County,IA,196169
54087,Roane County,WV,127523
40005,Atoka County,OK,218418
19005,Allamakee County,IA,266566
21221,Trigg County,KY,119637
27113,Pennington County,MN,197064
16041,Franklin County,ID,444233
13251,Screven County,GA,191599
47033,Crockett County,TN,196256
27159,Wadena County,MN,233915
55099,Price County,WI,218355
28147,Walthall County,MS,157751
12047,Hamilton County,FL,210044
17193,White County,IL,117359
39115,Morgan County,OH,166229
02130,Ketchikan Gateway Borough,AK,409426
48505,Zapata County,TX,124667
27043,Faribault County,MN,164313
01075,Lamar County,AL,131556
22127,Winn Parish,LA,108565
40099,Murray County,OK,171687
18111,Newton County,IN,228131
12013,Calhoun County,FL,173910
17189,Washington County,IL,172645
30035,Glacier County,MT,166656
37041,Chowan County,NC,234574
25019,Nantucket County,MA,3158782
21225,Union County,KY,141257
48059,Callahan County,TX,224939
21175,Morgan County,KY,133959
38053,McKenzie County,ND,374327
51113,Madison County,VA,430067
56009,Converse County,WY,316708
48455,Trinity County,TX,173569
28041,Greene County,MS,162591
05065,Izard County,AR,174453
21025,Breathitt County,KY,72947
17053,Ford County,IL,161629
48313,Madison County,TX,290452
47161,Stewart County,TN,248778
48093,Comanche County,TX,240439
45009,Bamberg County,SC,126653
39111,Monroe County,OH,156077
51690,Martinsville City,VA,110839
47061,Grundy County,TN,207775
28013,Calhoun County,MS,128316
40063,Hughes County,OK,114526
29151,Osage County,MO,266688
16043,Fremont County,ID,475382
55011,Buffalo County,WI,260808
17025,Clay County,IL,112001
53051,Pend Oreille County,WA,378306
01041,Crenshaw County,AL,146032
06051,Mono County,CA,764272
20085,Jackson County,KS,258859
08007,Archuleta County,CO,575956
21135,Lewis County,KY,118519
08081,Moffat County,CO,308826
17087,Johnson County,IL,189628
17125,Mason County,IL,104269
51007,Amelia County,VA,334906
02150,Kodiak Island Borough,AK,411263
30003,Big Horn County,MT,225479
19029,Cass County,IA,168189
48279,Lamb County,TX,106863
22013,Bienville Parish,LA,106660
16079,Shoshone County,ID,282936
26039,Crawford County,MI,181996
05079,Lincoln County,AR,133644
17017,Cass County,IL,104396
21197,Powell County,KY,147107
21109,Jackson County,KY,112185
37143,Perquimans County,NC,287532
21233,Webster County,KY,140054
19197,Wright County,IA,136643
26141,Presque Isle County,MI,227299
29133,Mississippi County,MO,101885
28135,Tallahatchie County,MS,109104
05061,Howard County,AR,161841
48487,Wilbarger County,TX,104158
49027,Millard County,UT,344584
13271,Telfair County,GA,116409
39163,Vinton County,OH,178510
01023,Choctaw County,AL,127252
28005,Amite County,MS,139764
54007,Braxton County,WV,138603
21011,Bath County,KY,183624
56015,Goshen County,WY,251683
21033,Caldwell County,KY,152850
47121,Meigs County,TN,304991
29123,Madison County,MO,172115
28161,Yalobusha County,MS,152879
13023,Bleckley County,GA,186315
20001,Allen County,KS,115551
48351,Newton County,TX,158057
27023,Chippewa County,MN,229496
48063,Camp County,TX,214748
18131,Pulaski County,IN,191811
54063,Monroe County,WV,196128
47101,Lewis County,TN,253376
01119,Sumter County,AL,97042
13049,Charlton County,GA,212400
21031,Butler County,KY,177093
35007,Colfax County,NM,246944
51735,Poquoson City,VA,471169
48115,Dawson County,TX,114456
05137,Stone County,AR,192203
17129,Menard County,IL,212146
19075,Grundy County,IA,222284
13193,Macon County,GA,105474
19007,Appanoose County,IA,118310
13281,Towns County,GA,401893
30089,Sanders County,MT,465981
37137,Pamlico County,NC,280786
26085,Lake County,MI,168769
12037,Franklin County,FL,427928
51131,Northampton County,VA,314993
18125,Pike County,IN,183969
21219,Todd County,KY,224536
19175,Union County,IA,164461
17061,Greene County,IL,115810
12043,Glades County,FL,261578
21061,Edmonson County,KY,195982
49029,Morgan County,UT,744516
13079,Crawford County,GA,208198
18009,Blackford County,IN,144778
27071,Koochiching County,MN,160804
54089,Summers County,WV,161069
05081,Little River County,AR,157795
05049,Fulton County,AR,183651
30043,Jefferson County,MT,531271
28077,Lawrence County,MS,118781
19037,Chickasaw County,IA,221712
48379,Rains County,TX,294302
48343,Morris County,TX,165440
51111,Lunenburg County,VA,147101
53059,Skamania County,WA,567253
30017,Custer County,MT,253415
16021,Boundary County,ID,474433
08099,Prowers County,CO,173986
51133,Northumberland County,VA,374425
41049,Morrow County,OR,314438
29115,Linn County,MO,152344
21229,Washington County,KY,252628
19119,Lyon County,IA,274083
48445,Terry County,TX,121820
20115,Marion County,KS,144645
21153,Magoffin County,KY,131639
16073,Owyhee County,ID,439285
29067,Douglas County,MO,238976
17123,Marshall County,IL,147632
01035,Conecuh County,AL,135666
19165,Shelby County,IA,218755
29011,Barton County,MO,189132
40061,Haskell County,OK,157835
48387,Red River County,TX,179883
56003,Big Horn County,WY,286534
49023,Juab County,UT,459103
29063,DeKalb County,MO,241961
38071,Ramsey County,ND,232535
47087,Jackson County,TN,233300
28111,Perry County,MS,160912
19035,Cherokee County,IA,161490
51037,Charlotte County,VA,203203
26071,Iron County,MI,155291
13093,Dooly County,GA,138152
05041,Desha County,AR,96818
35051,Sierra County,NM,184655
16081,Teton County,ID,871623
27033,Cottonwood County,MN,166899
08105,Rio Grande County,CO,328859
16085,Valley County,ID,684915
51081,Greensville County,VA,169724
30027,Fergus County,MT,298785
47169,Trousdale County,TN,361700
47039,Decatur County,TN,187545
40107,Okfuskee County,OK,149055
13149,Heard County,GA,275847
17185,Wabash County,IL,130747
21159,Martin County,KY,103943
29139,Montgomery County,MO,221644
48297,Live Oak County,TX,226507
30083,Richland County,MT,283949
48475,Ward County,TX,188505
28065,Jefferson Davis County,MS,94986
46079,Lake County,SD,317192
48031,Blanco County,TX,569992
29223,Wayne County,MO,128564
13191,McIntosh County,GA,274704
21171,Monroe County,KY,147577
27165,Watonwan County,MN,178577
27121,Pope County,MN,345046
37187,Washington County,NC,110297
13005,Bacon County,GA,163033
21187,Owen County,KY,183099
21087,Green County,KY,189694
54023,Grant County,WV,183180
29181,Ripley County,MO,157115
40103,Noble County,OK,161290
40149,Washita County,OK,105433
37043,Clay County,NC,345353
51183,Sussex County,VA,184629
51103,Lancaster County,VA,399595
37005,Alleghany County,NC,271153
40127,Pushmataha County,OK,161300
19115,Louisa County,IA,175704
13043,Candler County,GA,229043
30085,Roosevelt County,MT,153630
22091,Saint Helena Parish,LA,163515
38003,Barnes County,ND,200403
02185,North Slope Borough,AK,319540
19081,Hancock County,IA,189230
27075,Lake County,MN,284941
31013,Box Butte County,NE,178659
26097,Mackinac County,MI,245445
13099,Early County,GA,129317
21041,Carroll County,KY,193260
53043,Lincoln County,WA,327829
13109,Evans County,GA,179044
29017,Bollinger County,MO,198768
19189,Winnebago County,IA,157922
31145,Red Willow County,NE,176320
01131,Wilcox County,AL,146488
51119,Middlesex County,VA,387283
38099,Walsh County,ND,168218
31041,Custer County,NE,179855
21131,Leslie County,KY,75431
51057,Essex County,VA,300728
31037,Colfax County,NE,232112
19077,Guthrie County,IA,277286
05011,Bradley County,AR,102693
37073,Gates County,NC,258097
17035,Cumberland County,IL,177792
19131,Mitchell County,IA,219867
18025,Crawford County,IN,171430
30009,Carbon County,MT,518743
40069,Johnston County,OK,166021
01037,Coosa County,AL,189684
16087,Washington County,ID,395899
48159,Franklin County,TX,325635
28103,Noxubee County,MS,101984
05017,Chicot County,AR,91920
01011,Bullock County,AL,122282
37029,Camden County,NC,400271
01085,Lowndes County,AL,145278
19137,Montgomery County,IA,140931
29173,Ralls County,MO,263395
22065,Madison Parish,LA,77554
21169,Metcalfe County,KY,176026
46109,Roberts County,SD,239625
48077,Clay County,TX,209058
05109,Pike County,AR,179690
20131,Nemaha County,KS,248104
31089,Holt County,NE,184414
46019,Butte County,SD,360411
29089,Howard County,MO,229927
26001,Alcona County,MI,200210
40085,Love County,OK,201758
48357,Ochiltree County,TX,131982
19069,Franklin County,IA,160052
05105,Perry County,AR,180577
28015,Carroll County,MS,173565
19107,Keokuk County,IA,140136
29111,Lewis County,MO,209978
27063,Jackson County,MN,227470
48131,Duval County,TX,74679
13235,Pulaski County,GA,180106
20117,Marshall County,KS,163490
48403,Sabine County,TX,204177
19025,Calhoun County,IA,158868
22123,West Carroll Parish,LA,136291
28143,Tunica County,MS,160102
28097,Montgomery County,MS,124541
08125,Yuma County,CO,286689
28155,Webster County,MS,169768
05127,Scott County,AR,158507
29079,Grundy County,MO,120803
48507,Zavala County,TX,94551
48399,Runnels County,TX,138899
18101,Martin County,IN,206630
48369,Parmer County,TX,174712
13173,Lanier County,GA,218818
18155,Switzerland County,IN,259755
49015,Emery County,UT,305870
19161,Sac County,IA,176364
27151,Swift County,MN,203799
38055,McLean County,ND,226405
48315,Marion County,TX,148516
19039,Clarke County,IA,200165
27133,Rock County,MN,274487
38061,Mountrail County,ND,229355
22021,Caldwell Parish,LA,145207
27149,Stevens County,MN,217739
51049,Cumberland County,VA,292105
20107,Linn County,KS,182469
13317,Wilkes County,GA,166754
49019,Grand County,UT,587681
19091,Humboldt County,IA,167861
27173,Yellow Medicine County,MN,179511
13155,Irwin County,GA,160377
29093,Iron County,MO,164613
31179,Wayne County,NE,255765
45065,McCormick County,SC,324022
31033,Cheyenne County,NE,174806
40077,Latimer County,OK,149209
04011,Greenlee County,AZ,163856
13053,Chattahoochee County,GA,143288
20013,Brown County,KS,159432
37103,Jones County,NC,128584
16009,Benewah County,ID,351218
48043,Brewster County,TX,221177
40105,Nowata County,OK,178245
20159,Rice County,KS,120839
19089,Howard County,IA,207024
19063,Emmet County,IA,158509
08019,Clear Creek County,CO,567346
30001,Beaverhead County,MT,406220
30023,Deer Lodge County,MT,296403
31081,Hamilton County,NE,306555
21053,Clinton County,KY,151231
27117,Pipestone County,MN,204394
46023,Charles Mix County,SD,301483
17079,Jasper County,IL,175156
13167,Johnson County,GA,146028
20151,Pratt County,KS,129600
29185,Saint Clair County,MO,210177
28069,Kemper County,MS,136427
32033,White Pine County,NV,188748
55041,Forest County,WI,231169
21149,McLean County,KY,159588
48425,Somervell County,TX,417295
26119,Montmorency County,MI,185078
48429,Stephens County,TX,160571
22025,Catahoula Parish,LA,119821
28021,Claiborne County,MS,94962
13253,Seminole County,GA,140800
13273,Terrell County,GA,119724
27089,Marshall County,MN,208274
19051,Davis County,IA,235294
21091,Hancock County,KY,205091
20029,Cloud County,KS,121804
31039,Cuming County,NE,274425
30021,Dawson County,MT,204877
21055,Crittenden County,KY,121435
19147,Palo Alto County,IA,175483
21139,Livingston County,KY,149849
31137,Phelps County,NE,222198
13319,Wilkinson County,GA,143992
30095,Stillwater County,MT,496521
26003,Alger County,MI,221652
48335,Mitchell County,TX,96690
51159,Richmond County,VA,250076
29149,Oregon County,MO,169715
29025,Caldwell County,MO,245764
13287,Turner County,GA,136574
13315,Wilcox County,GA,129070
48127,Dimmit County,TX,131844
05077,Lee County,AR,92757
19073,Greene County,IA,178353
56035,Sublette County,WY,458393
40011,Blaine County,OK,105199
19133,Monona County,IA,163390
40151,Woods County,OK,119646
06049,Modoc County,CA,197967
16035,Clearwater County,ID,316398
20205,Wilson County,KS,106496
28157,Wilkinson County,MS,115797
01105,Perry County,AL,134023
13209,Montgomery County,GA,178018
21143,Lyon County,KY,180683
21077,Gallatin County,KY,204973
13165,Jenkins County,GA,155981
18007,Benton County,IN,205512
54085,Ritchie County,WV,115968
35037,Quay County,NM,99036
29153,Ozark County,MO,232732
13141,Hancock County,GA,213479
19117,Lucas County,IA,181679
29137,Monroe County,MO,223618
46125,Turner County,SD,304115
48009,Archer County,TX,246653
56031,Platte County,WY,277927
29033,Carroll County,MO,169538
51115,Mathews County,VA,356782
05097,Montgomery County,AR,217236
27029,Clearwater County,MN,258301
02220,Sitka Borough,AK,487247
40075,Kiowa County,OK,74950
21223,Trimble County,KY,244671
30057,Madison County,MT,761154
48237,Jack County,TX,235891
30087,Rosebud County,MT,235738
29125,Maries County,MO,251356
56019,Johnson County,WY,423439
31107,Knox County,NE,214046
18171,Warren County,IN,236992
29085,Hickory County,MO,203968
29061,Daviess County,MO,285890
54101,Webster County,WV,83346
38057,Mercer County,ND,242358
31027,Cedar County,NE,241467
54095,Tyler County,WV,109202
21023,Bracken County,KY,205035
31045,Dawes County,NE,190893
20031,Coffey County,KS,195440
46033,Custer County,SD,509751
31023,Butler County,NE,246087
12067,Lafayette County,FL,270417
47135,Perry County,TN,171775
31101,Keith County,NE,248558
05117,Prairie County,AR,151846
45005,Allendale County,SC,68316
13003,Atkinson County,GA,133142
28019,Choctaw County,MS,141470
51620,Franklin City,VA,237954
26013,Baraga County,MI,183709
47083,Houston County,TN,231861
29081,Harrison County,MO,132343
27101,Murray County,MN,259031
48193,Hamilton County,TX,278033
26135,Oscoda County,MI,150052
54015,Clay County,WV,119948
41037,Lake County,OR,198936
37075,Graham County,NC,230984
20027,Clay County,KS,173070
08113,San Miguel County,CO,1602520
13289,Twiggs County,GA,100587
17065,Hamilton County,IL,121439
38097,Traill County,ND,226386
54075,Pocahontas County,WV,183938
26153,Schoolcraft County,MI,202504
12077,Liberty County,FL,206955
48405,San Augustine County,TX,169343
16059,Lemhi County,ID,389056
54017,Doddridge County,WV,137838
28053,Humphreys County,MS,76696
20193,Thomas County,KS,180072
31147,Richardson County,NE,114401
05129,Searcy County,AR,183723
13269,Taylor County,GA,154930
16077,Power County,ID,273285
01063,Greene County,AL,133115
48083,Coleman County,TX,146561
21007,Ballard County,KY,137952
20003,Anderson County,KS,193308
22081,Red River Parish,LA,152299
56043,Washakie County,WY,276722
40093,Major County,OK,168220
19053,Decatur County,IA,165564
48501,Yoakum County,TX,189966
28037,Franklin County,MS,140761
31121,Merrick County,NE,230228
28009,Benton County,MS,160474
13181,Lincoln County,GA,264765
48307,McCulloch County,TX,162617
49025,Kane County,UT,432715
05025,Cleveland County,AR,153077
48495,Winkler County,TX,142688
54073,Pleasants County,WV,164416
19135,Monroe County,IA,173084
29057,Dade County,MO,201241
08021,Conejos County,CO,216304
47027,Clay County,TN,213737
13309,Wheeler County,GA,152799
13197,Marion County,GA,183420
30105,Valley County,MT,194467
46051,Grant County,SD,243716
20043,Doniphan County,KS,167119
16015,Boise County,ID,487077
21181,Nicholas County,KY,208846
54021,Gilmer County,WV,121708
22035,East Carroll Parish,LA,62063
20095,Kingman County,KS,175021
41025,Harney County,OR,222654
19195,Worth County,IA,192631
48069,Castro County,TX,139445
19001,Adair County,IA,202176
29041,Chariton County,MO,129846
20067,Grant County,KS,157427
08065,Lake County,CO,521421
21063,Elliott County,KY,154953
46067,Hutchinson County,SD,227355
51157,Rappahannock County,VA,580004
05101,Newton County,AR,230416
41063,Wallowa County,OR,444917
55091,Pepin County,WI,289888
50013,Grand Isle County,VT,471442
51678,Lexington City,VA,357617
28063,Jefferson County,MS,97512
31139,Pierce County,NE,251472
21129,Lee County,KY,135980
41023,Grant County,OR,295127
31095,Jefferson County,NE,142702
53019,Ferry County,WA,295359
19177,Van Buren County,IA,188873
47095,Lake County,TN,112338
29203,Shannon County,MO,175044
56011,Crook County,WY,429749
48111,Dallam County,TX,156458
30007,Broadwater County,MT,533765
42053,Forest County,PA,124539
48047,Brooks County,TX,71190
18161,Union County,IN,200873
19151,Pocahontas County,IA,102999
48175,Goliad County,TX,285593
08063,Kit Carson County,CO,239191
40141,Tillman County,OK,57359
48437,Swisher County,TX,102909
30005,Blaine County,MT,216940
31127,Nemaha County,NE,182999
46009,Bon Homme County,SD,179957
16029,Caribou County,ID,345265
46047,Fall River County,SD,287612
19093,Ida County,IA,193295
48017,Bailey County,TX,136699
49001,Beaver County,UT,319144
48283,La Salle County,TX,111964
30077,Powell County,MT,339821
17169,Schuyler County,IL,159059
38067,Pembina County,ND,144636
05095,Monroe County,AR,85544
56045,Weston County,WY,249386
20197,Wabaunsee County,KS,259704
02240,Southeast Fairbanks Borough,AK,291089
48391,Refugio County,TX,135844
54093,Tucker County,WV,210014
51036,Charles City County,VA,281812
31173,Thurston County,NE,173833
08055,Huerfano County,CO,273190
48075,Childress County,TX,138773
27073,Lac Qui Parle County,MN,218326
20167,Russell County,KS,119801
13065,Clinch County,GA,129164
31021,Burt County,NE,195245
19071,Fremont County,IA,188548
47067,Hancock County,TN,180026
51097,King and Queen County,VA,305356
51640,Galax City,VA,180798
32027,Pershing County,NV,226581
21237,Wolfe County,KY,139162
51530,Buena Vista City,VA,189828
29045,Clark County,MO,168676
05039,Dallas County,AR,118962
31099,Kearney County,NE,257547
51181,Surry County,VA,286782
21075,Fulton County,KY,92556
19185,Wayne County,IA,146440
13243,Randolph County,GA,98627
27107,Norman County,MN,185586
27167,Wilkin County,MN,226047
08103,Rio Blanco County,CO,333410
17071,Henderson County,IL,127534
47127,Moore County,TN,362877
31093,Howard County,NE,286314
38009,Bottineau County,ND,213484
54013,Calhoun County,WV,103434
13283,Treutlen County,GA,124859
46115,Spink County,SD,176037
20053,Ellsworth County,KS,148678
05073,Lafayette County,AR,98116
08109,Saguache County,CO,252909
20145,Pawnee County,KS,112020
46101,Moody County,SD,308440
05147,Woodruff County,AR,81280
17009,Brown County,IL,164743
48377,Presidio County,TX,226386
16007,Bear Lake County,ID,405904
31003,Antelope County,NE,221976
51021,Bland County,VA,192578
54071,Pendleton County,WV,217406
17047,Edwards County,IL,133773
29075,Gentry County,MO,137064
30099,Teton County,MT,366826
19143,Osceola County,IA,178689
21165,Menifee County,KY,132055
29179,Reynolds County,MO,162636
46057,Hamlin County,SD,351384
31035,Clay County,NE,185874
38005,Benson County,ND,146322
29205,Shelby County,MO,198797
47175,Van Buren County,TN,231565
55051,Iron County,WI,221486
20073,Greenwood County,KS,107710
29211,Sullivan County,MO,97041
27051,Grant County,MN,245343
21057,Cumberland County,KY,152428
08025,Crowley County,CO,157248
13201,Miller County,GA,162432
30073,Pondera County,MT,271432
50009,Essex County,VT,244027
20181,Sherman County,KS,153890
42113,Sullivan County,PA,216962
19173,Taylor County,IA,144038
18115,Ohio County,IN,285216
30015,Chouteau County,MT,316916
26131,Ontonagon County,MI,137917
20123,Mitchell County,KS,138047
31167,Stanton County,NE,271487
08011,Bent County,CO,125778
48065,Carson County,TX,166780
13263,Talbot County,GA,189934
08047,Gilpin County,CO,547743
20143,Ottawa County,KS,180438
48411,San Saba County,TX,213736
51595,Emporia City,VA,157745
40003,Alfalfa County,OK,86913
48169,Garza County,TX,132542
32015,Lander County,NV,260537
20069,Gray County,KS,249831
51580,Covington City,VA,113508
38073,Ransom County,ND,197992
46087,McCook County,SD,295674
13037,Calhoun County,GA,87735
19009,Audubon County,IA,162003
27081,Lincoln County,MN,208745
22023,Cameron Parish,LA,237699
17155,Putnam County,IL,194216
31051,Dixon County,NE,201615
08073,Lincoln County,CO,262443
46123,Tripp County,SD,205551
40033,Cotton County,OK,102455
48305,Lynn County,TX,207618
27031,Cook County,MN,442617
31059,Fillmore County,NE,183357
40055,Greer County,OK,77133
20201,Washington County,KS,166207
20077,Harper County,KS,94888
26095,Luce County,MI,133806
31031,Cherry County,NE,227304
40067,Jefferson County,OK,96587
46037,Day County,SD,268823
48153,Floyd County,TX,80425
48205,Hartley County,TX,258231
17003,Alexander County,IL,61221
20137,Norton County,KS,120526
17175,Stark County,IL,140410
27087,Mahnomen County,MN,180539
48207,Haskell County,TX,103059
38049,McHenry County,ND,156503
31011,Boone County,NE,298170
20127,Morris County,KS,197017
29035,Carter County,MO,180743
46129,Walworth County,SD,135325
13259,Stewart County,GA,78769
48195,Hansford County,TX,134007
20189,Stevens County,KS,166978
29005,Atchison County,MO,142995
31097,Johnson County,NE,219812
40029,Coal County,OK,125988
17153,Pulaski County,IL,88805
48107,Crosby County,TX,90907
54105,Wirt County,WV,110402
48119,Delta County,TX,202767
46015,Brule County,SD,256738
31143,Polk County,NE,220147
13301,Warren County,GA,122697
48317,Martin County,TX,262096
16063,Lincoln County,ID,320632
20171,Scott County,KS,189784
27011,Big Stone County,MN,206086
31161,Sheridan County,NE,143452
46077,Kingsbury County,SD,260187
40007,Beaver County,OK,136684
48483,Wheeler County,TX,98344
36041,Hamilton County,NY,275515
49017,Garfield County,UT,242466
31169,Thayer County,NE,154865
17059,Gallatin County,IL,93289
20147,Phillips County,KS,122649
47137,Pickett County,TN,255058
38021,Dickey County,ND,181596
30101,Toole County,MT,187712
20163,Rooks County,KS,120083
17171,Scott County,IL,95714
51045,Craig County,VA,241988
48247,Jim Hogg County,TX,79705
08091,Ouray County,CO,809784
08121,Washington County,CO,259348
21039,Carlisle County,KY,136918
30065,Musselshell County,MT,246694
05013,Calhoun County,AR,134292
29199,Scotland County,MO,133658
19159,Ringgold County,IA,185161
08027,Custer County,CO,414128
29171,Putnam County,MO,210635
20157,Republic County,KS,110222
37095,Hyde County,NC,228632
56017,Hot Springs County,WY,246618
31065,Furnas County,NE,118146
48103,Crane County,TX,208820
13249,Schley County,GA,187601
32017,Lincoln County,NV,230093
42023,Cameron County,PA,75974
31123,Morrill County,NE,159795
32021,Mineral County,NV,120811
40043,Dewey County,OK,136603
55037,Florence County,WI,209097
17013,Calhoun County,IL,205735
21105,Hickman County,KY,129974
48333,Mills County,TX,394615
16071,Oneida County,ID,355081
08095,Phillips County,CO,264360
30061,Mineral County,MT,398828
53069,Wahkiakum County,WA,407666
46091,Marshall County,SD,240268
16003,Adams County,ID,520745
55078,Menominee County,WI,310068
48267,Kimble County,TX,366007
46039,Deuel County,SD,319016
16037,Custer County,ID,400056
22107,Tensas Parish,LA,124861
51017,Bath County,VA,229842
30071,Phillips County,MT,221495
35023,Hidalgo County,NM,109501
27069,Kittson County,MN,155956
20007,Barber County,KS,88554
38045,Lamoure County,ND,141215
40053,Grant County,OK,115103
28125,Sharkey County,MS,115421
31129,Nuckolls County,NE,118608
35059,Union County,NM,116932
20185,Stafford County,KS,104686
21189,Owsley County,KY,132336
29197,Schuyler County,MO,177437
20119,Meade County,KS,122613
38025,Dunn County,ND,376976
32029,Storey County,NV,480539
31175,Valley County,NE,189284
38103,Wells County,ND,129109
20093,Kearny County,KS,192328
46045,Edmunds County,SD,226288
53013,Columbia County,WA,278631
46031,Corson County,SD,166404
48319,Mason County,TX,365127
27125,Red Lake County,MN,216697
38081,Sargent County,ND,200461
17151,Pope County,IL,166060
40045,Ellis County,OK,100592
20081,Haskell County,KS,179189
46025,Clark County,SD,215661
29103,Knox County,MO,196769
27077,Lake of the Woods County,MN,231709
38019,Cavalier County,ND,166637
48151,Fisher County,TX,107469
17069,Hardin County,IL,106276
19003,Adams County,IA,165575
51720,Norton City,VA,125335
31029,Chase County,NE,221450
13101,Echols County,GA,172620
30097,Sweet Grass County,MT,487298
02195,Petersburg Borough,AK,388583
16061,Lewis County,ID,291152
20183,Smith County,KS,115703
31105,Kimball County,NE,170701
35003,Catron County,NM,223024
48197,Hardeman County,TX,61339
29129,Mercer County,MO,137509
30091,Sheridan County,MT,181424
08023,Costilla County,CO,181223
20141,Osborne County,KS,90474
48023,Baylor County,TX,138403
40129,Roger Mills County,OK,191513
48211,Hemphill County,TX,177861
31181,Webster County,NE,137667
37177,Tyrrell County,NC,172357
48435,Sutton County,TX,147167
46007,Bennett County,SD,216092
38031,Foster County,ND,186999
20019,Chautauqua County,KS,84331
31125,Nance County,NE,167152
48275,Knox County,TX,99853
48383,Reagan County,TX,168588
27155,Traverse County,MN,150603
40059,Harper County,OK,77905
48461,Upton County,TX,121205
30039,Granite County,MT,475901
38029,Emmons County,ND,157228
48081,Coke County,TX,145877
48129,Donley County,TX,129695
31083,Harlan County,NE,166899
48271,Kinney County,TX,129298
48095,Concho County,TX,162201
20207,Woodson County,KS,113282
48417,Shackelford County,TX,163380
48295,Lipscomb County,TX,110445
06091,Sierra County,CA,335302
30025,Fallon County,MT,194474
46059,Hand County,SD,263053
38063,Nelson County,ND,156665
38011,Bowman County,ND,189702
31163,Sherman County,NE,196873
46105,Perkins County,SD,164675
46117,Stanley County,SD,312397
20105,Lincoln County,KS,128017
48087,Collingsworth County,TX,82465
48105,Crockett County,TX,109596
13007,Baker County,GA,131643
20089,Jewell County,KS,115540
31061,Franklin County,NE,150898
20047,Edwards County,KS,85523
13125,Glascock County,GA,190328
13061,Clay County,GA,170801
20165,Rush County,KS,90356
48191,Hall County,TX,87567
46071,Jackson County,SD,130390
31135,Perkins County,NE,227354
48385,Real County,TX,297404
20195,Trego County,KS,138114
20039,Decatur County,KS,106060
20109,Logan County,KS,152866
20063,Gove County,KS,147845
31017,Brown County,NE,154281
20129,Morton County,KS,105526
20135,Ness County,KS,103335
20023,Cheyenne County,KS,176850
31087,Hitchcock County,NE,155534
46107,Potter County,SD,223660
20017,Chase County,KS,169961
20075,Hamilton County,KS,145215
31133,Pawnee County,NE,163939
48079,Cochran County,TX,54641
40057,Harmon County,OK,62543
20153,Rawlins County,KS,131505
31063,Frontier County,NE,175715
49033,Rich County,UT,609840
38041,Hettinger County,ND,150571
49055,Wayne County,UT,457894
56027,Niobrara County,WY,188062
20049,Elk County,KS,98519
20179,Sheridan County,KS,222183
08115,Sedgwick County,CO,170324
20097,Kiowa County,KS,156678
20065,Graham County,KS,111695
38043,Kidder County,ND,203154
38027,Eddy County,ND,109577
13307,Webster County,GA,164340
46111,Sanborn County,SD,250338
48421,Sherman County,TX,176088
38075,Renville County,ND,191418
46097,Miner County,SD,204743
08033,Dolores County,CO,323243
53023,Garfield County,WA,253279
40025,Cimarron County,OK,79562
13239,Quitman County,GA,120518
38039,Griggs County,ND,131831
38001,Adams County,ND,142658
51091,Highland County,VA,289002
31077,Greeley County,NE,224637
48109,Culberson County,TX,147148
21201,Robertson County,KY,202283
38095,Towner County,ND,119177
38013,Burke County,ND,133460
20203,Wichita County,KS,164288
02275,Wrangell Borough,AK,315369
02100,Haines Borough,AK,336222
20187,Stanton County,KS,152146
30107,Wheatland County,MT,184286
26083,Keweenaw County,MI,228871
30051,Liberty County,MT,221101
48243,Jeff Davis County,TX,210561
30045,Judith Basin County,MT,302709
20025,Clark County,KS,86140
48327,Menard County,TX,213390
48011,Armstrong County,TX,243745
41021,Gilliam County,OR,251007
30059,Meagher County,MT,320168
31057,Dundy County,NE,163583
31071,Garfield County,NE,238963
31049,Deuel County,NE,173435
35011,De Baca County,NM,95587
20083,Hodgeman County,KS,158776
38065,Oliver County,ND,257452
31015,Boyd County,NE,136480
38033,Golden Valley County,ND,183320
46073,Jerauld County,SD,231590
31073,Gosper County,NE,325136
20033,Comanche County,KS,88295
30055,McCone County,MT,251210
41055,Sherman County,OR,297622
30075,Powder River County,MT,293962
30019,Daniels County,MT,179310
31069,Garden County,NE,183474
08017,Cheyenne County,CO,199228
32011,Eureka County,NV,140058
13265,Taliaferro County,GA,155518
48125,Dickens County,TX,98601
48101,Cottle County,TX,70485
48235,Irion County,TX,251906
46021,Campbell County,SD,198605
20199,Wallace County,KS,145334
20101,Lane County,KS,110520
41069,Wheeler County,OR,323058
48447,Throckmorton County,TX,136833
08061,Kiowa County,CO,169950
48431,Sterling County,TX,168852
48433,Stonewall County,TX,101087
30011,Carter County,MT,175863
06003,Alpine County,CA,513891
38083,Sheridan County,ND,115209
31149,Rock County,NE,141257
46119,Sully County,SD,281770
48345,Motley County,TX,127744
48045,Briscoe County,TX,164842
20071,Greeley County,KS,144800
30079,Prairie County,MT,131533
48173,Glasscock County,TX,269736
46063,Harding County,SD,262059
48155,Foard County,TX,69973
31165,Sioux County,NE,326075
16025,Camas County,ID,394271
30109,Wibaux County,MT,234527
48443,Terrell County,TX,111187
30033,Garfield County,MT,330280
31103,Keya Paha County,NE,292324
31085,Hayes County,NE,298111
31113,Logan County,NE,178181
08053,Hinsdale County,CO,491333
16033,Clark County,ID,253647
30037,Golden Valley County,MT,238065
08079,Mineral County,CO,455072
31183,Wheeler County,NE,243079
31091,Hooker County,NE,143210
08111,San Juan County,CO,562639
30103,Treasure County,MT,238534
31007,Banner County,NE,395744
49009,Daggett County,UT,373609
31171,Thomas County,NE,185970
31117,McPherson County,NE,374595
30069,Petroleum County,MT,201284
